"Name","Length","Extension","FullName"
"hdphoto1.wdp","134040",".wdp","D:\钢结构RRW方向\.codex_read\thesis\unpacked\word\media\hdphoto1.wdp"
"image1.png","587158",".png","D:\钢结构RRW方向\.codex_read\thesis\unpacked\word\media\image1.png"
"image10.wmf","984",".wmf","D:\钢结构RRW方向\.codex_read\thesis\unpacked\word\media\image10.wmf"
"image100.png","150006",".png","D:\钢结构RRW方向\.codex_read\thesis\unpacked\word\media\image100.png"
"image101.png","86664",".png","D:\钢结构RRW方向\.codex_read\thesis\unpacked\word\media\image101.png"
"image102.png","393521",".png","D:\钢结构RRW方向\.codex_read\thesis\unpacked\word\media\image102.png"
"image103.png","378707",".png","D:\钢结构RRW方向\.codex_read\thesis\unpacked\word\media\image103.png"
"image104.png","1406867",".png","D:\钢结构RRW方向\.codex_read\thesis\unpacked\word\media\image104.png"
"image105.wmf","2100",".wmf","D:\钢结构RRW方向\.codex_read\thesis\unpacked\word\media\image105.wmf"
"image106.png","1090139",".png","D:\钢结构RRW方向\.codex_read\thesis\unpacked\word\media\image106.png"
"image107.wmf","960",".wmf","D:\钢结构RRW方向\.codex_read\thesis\unpacked\word\media\image107.wmf"
"image108.png","1494227",".png","D:\钢结构RRW方向\.codex_read\thesis\unpacked\word\media\image108.png"
"image109.png","1040307",".png","D:\钢结构RRW方向\.codex_read\thesis\unpacked\word\media\image109.png"
"image11.wmf","442",".wmf","D:\钢结构RRW方向\.codex_read\thesis\unpacked\word\media\image11.wmf"
"image110.png","79039",".png","D:\钢结构RRW方向\.codex_read\thesis\unpacked\word\media\image110.png"
"image111.png","105118",".png","D:\钢结构RRW方向\.codex_read\thesis\unpacked\word\media\image111.png"
"image112.png","36415",".png","D:\钢结构RRW方向\.codex_read\thesis\unpacked\word\media\image112.png"
"image113.png","343618",".png","D:\钢结构RRW方向\.codex_read\thesis\unpacked\word\media\image113.png"
"image114.png","783640",".png","D:\钢结构RRW方向\.codex_read\thesis\unpacked\word\media\image114.png"
"image12.wmf","1780",".wmf","D:\钢结构RRW方向\.codex_read\thesis\unpacked\word\media\image12.wmf"
"image13.wmf","992",".wmf","D:\钢结构RRW方向\.codex_read\thesis\unpacked\word\media\image13.wmf"
"image14.wmf","740",".wmf","D:\钢结构RRW方向\.codex_read\thesis\unpacked\word\media\image14.wmf"
"image15.png","5784",".png","D:\钢结构RRW方向\.codex_read\thesis\unpacked\word\media\image15.png"
"image16.png","7838",".png","D:\钢结构RRW方向\.codex_read\thesis\unpacked\word\media\image16.png"
"image17.wmf","1418",".wmf","D:\钢结构RRW方向\.codex_read\thesis\unpacked\word\media\image17.wmf"
"image18.wmf","748",".wmf","D:\钢结构RRW方向\.codex_read\thesis\unpacked\word\media\image18.wmf"
"image19.wmf","964",".wmf","D:\钢结构RRW方向\.codex_read\thesis\unpacked\word\media\image19.wmf"
"image2.emf","31961288",".emf","D:\钢结构RRW方向\.codex_read\thesis\unpacked\word\media\image2.emf"
"image20.wmf","976",".wmf","D:\钢结构RRW方向\.codex_read\thesis\unpacked\word\media\image20.wmf"
"image21.wmf","858",".wmf","D:\钢结构RRW方向\.codex_read\thesis\unpacked\word\media\image21.wmf"
"image22.png","11036",".png","D:\钢结构RRW方向\.codex_read\thesis\unpacked\word\media\image22.png"
"image23.png","17670",".png","D:\钢结构RRW方向\.codex_read\thesis\unpacked\word\media\image23.png"
"image24.wmf","2946",".wmf","D:\钢结构RRW方向\.codex_read\thesis\unpacked\word\media\image24.wmf"
"image25.wmf","976",".wmf","D:\钢结构RRW方向\.codex_read\thesis\unpacked\word\media\image25.wmf"
"image26.wmf","1080",".wmf","D:\钢结构RRW方向\.codex_read\thesis\unpacked\word\media\image26.wmf"
"image27.wmf","748",".wmf","D:\钢结构RRW方向\.codex_read\thesis\unpacked\word\media\image27.wmf"
"image28.wmf","1080",".wmf","D:\钢结构RRW方向\.codex_read\thesis\unpacked\word\media\image28.wmf"
"image29.wmf","964",".wmf","D:\钢结构RRW方向\.codex_read\thesis\unpacked\word\media\image29.wmf"
"image3.emf","31948248",".emf","D:\钢结构RRW方向\.codex_read\thesis\unpacked\word\media\image3.emf"
"image30.wmf","1102",".wmf","D:\钢结构RRW方向\.codex_read\thesis\unpacked\word\media\image30.wmf"
"image31.wmf","1102",".wmf","D:\钢结构RRW方向\.codex_read\thesis\unpacked\word\media\image31.wmf"
"image32.png","8351",".png","D:\钢结构RRW方向\.codex_read\thesis\unpacked\word\media\image32.png"
"image33.png","9959",".png","D:\钢结构RRW方向\.codex_read\thesis\unpacked\word\media\image33.png"
"image34.wmf","2402",".wmf","D:\钢结构RRW方向\.codex_read\thesis\unpacked\word\media\image34.wmf"
"image35.wmf","1232",".wmf","D:\钢结构RRW方向\.codex_read\thesis\unpacked\word\media\image35.wmf"
"image36.wmf","1232",".wmf","D:\钢结构RRW方向\.codex_read\thesis\unpacked\word\media\image36.wmf"
"image37.wmf","12628",".wmf","D:\钢结构RRW方向\.codex_read\thesis\unpacked\word\media\image37.wmf"
"image38.wmf","748",".wmf","D:\钢结构RRW方向\.codex_read\thesis\unpacked\word\media\image38.wmf"
"image39.wmf","784",".wmf","D:\钢结构RRW方向\.codex_read\thesis\unpacked\word\media\image39.wmf"
"image4.png","1000113",".png","D:\钢结构RRW方向\.codex_read\thesis\unpacked\word\media\image4.png"
"image40.wmf","1056",".wmf","D:\钢结构RRW方向\.codex_read\thesis\unpacked\word\media\image40.wmf"
"image41.wmf","976",".wmf","D:\钢结构RRW方向\.codex_read\thesis\unpacked\word\media\image41.wmf"
"image42.wmf","1080",".wmf","D:\钢结构RRW方向\.codex_read\thesis\unpacked\word\media\image42.wmf"
"image43.wmf","1842",".wmf","D:\钢结构RRW方向\.codex_read\thesis\unpacked\word\media\image43.wmf"
"image44.wmf","1104",".wmf","D:\钢结构RRW方向\.codex_read\thesis\unpacked\word\media\image44.wmf"
"image45.wmf","988",".wmf","D:\钢结构RRW方向\.codex_read\thesis\unpacked\word\media\image45.wmf"
"image46.wmf","15534",".wmf","D:\钢结构RRW方向\.codex_read\thesis\unpacked\word\media\image46.wmf"
"image47.wmf","1718",".wmf","D:\钢结构RRW方向\.codex_read\thesis\unpacked\word\media\image47.wmf"
"image48.wmf","2210",".wmf","D:\钢结构RRW方向\.codex_read\thesis\unpacked\word\media\image48.wmf"
"image49.png","56196",".png","D:\钢结构RRW方向\.codex_read\thesis\unpacked\word\media\image49.png"
"image5.png","482159",".png","D:\钢结构RRW方向\.codex_read\thesis\unpacked\word\media\image5.png"
"image50.png","55516",".png","D:\钢结构RRW方向\.codex_read\thesis\unpacked\word\media\image50.png"
"image51.png","59334",".png","D:\钢结构RRW方向\.codex_read\thesis\unpacked\word\media\image51.png"
"image52.png","55149",".png","D:\钢结构RRW方向\.codex_read\thesis\unpacked\word\media\image52.png"
"image53.png","104939",".png","D:\钢结构RRW方向\.codex_read\thesis\unpacked\word\media\image53.png"
"image54.png","103613",".png","D:\钢结构RRW方向\.codex_read\thesis\unpacked\word\media\image54.png"
"image55.png","107148",".png","D:\钢结构RRW方向\.codex_read\thesis\unpacked\word\media\image55.png"
"image56.png","260406",".png","D:\钢结构RRW方向\.codex_read\thesis\unpacked\word\media\image56.png"
"image57.png","318267",".png","D:\钢结构RRW方向\.codex_read\thesis\unpacked\word\media\image57.png"
"image58.png","256403",".png","D:\钢结构RRW方向\.codex_read\thesis\unpacked\word\media\image58.png"
"image59.emf","33312",".emf","D:\钢结构RRW方向\.codex_read\thesis\unpacked\word\media\image59.emf"
"image6.png","70869",".png","D:\钢结构RRW方向\.codex_read\thesis\unpacked\word\media\image6.png"
"image60.png","6915",".png","D:\钢结构RRW方向\.codex_read\thesis\unpacked\word\media\image60.png"
"image61.emf","27920",".emf","D:\钢结构RRW方向\.codex_read\thesis\unpacked\word\media\image61.emf"
"image62.png","5248",".png","D:\钢结构RRW方向\.codex_read\thesis\unpacked\word\media\image62.png"
"image63.png","46667",".png","D:\钢结构RRW方向\.codex_read\thesis\unpacked\word\media\image63.png"
"image64.png","36778",".png","D:\钢结构RRW方向\.codex_read\thesis\unpacked\word\media\image64.png"
"image65.png","44314",".png","D:\钢结构RRW方向\.codex_read\thesis\unpacked\word\media\image65.png"
"image66.png","38900",".png","D:\钢结构RRW方向\.codex_read\thesis\unpacked\word\media\image66.png"
"image67.png","27363",".png","D:\钢结构RRW方向\.codex_read\thesis\unpacked\word\media\image67.png"
"image68.png","8320",".png","D:\钢结构RRW方向\.codex_read\thesis\unpacked\word\media\image68.png"
"image69.jpeg","17409",".jpeg","D:\钢结构RRW方向\.codex_read\thesis\unpacked\word\media\image69.jpeg"
"image7.png","535830",".png","D:\钢结构RRW方向\.codex_read\thesis\unpacked\word\media\image7.png"
"image70.png","4087",".png","D:\钢结构RRW方向\.codex_read\thesis\unpacked\word\media\image70.png"
"image71.png","7864",".png","D:\钢结构RRW方向\.codex_read\thesis\unpacked\word\media\image71.png"
"image72.wmf","1894",".wmf","D:\钢结构RRW方向\.codex_read\thesis\unpacked\word\media\image72.wmf"
"image73.png","2460",".png","D:\钢结构RRW方向\.codex_read\thesis\unpacked\word\media\image73.png"
"image74.wmf","1018",".wmf","D:\钢结构RRW方向\.codex_read\thesis\unpacked\word\media\image74.wmf"
"image75.png","6016",".png","D:\钢结构RRW方向\.codex_read\thesis\unpacked\word\media\image75.png"
"image76.wmf","2406",".wmf","D:\钢结构RRW方向\.codex_read\thesis\unpacked\word\media\image76.wmf"
"image77.png","2594",".png","D:\钢结构RRW方向\.codex_read\thesis\unpacked\word\media\image77.png"
"image78.wmf","1124",".wmf","D:\钢结构RRW方向\.codex_read\thesis\unpacked\word\media\image78.wmf"
"image79.wmf","2510",".wmf","D:\钢结构RRW方向\.codex_read\thesis\unpacked\word\media\image79.wmf"
"image8.png","881916",".png","D:\钢结构RRW方向\.codex_read\thesis\unpacked\word\media\image8.png"
"image80.wmf","442",".wmf","D:\钢结构RRW方向\.codex_read\thesis\unpacked\word\media\image80.wmf"
"image81.wmf","1778",".wmf","D:\钢结构RRW方向\.codex_read\thesis\unpacked\word\media\image81.wmf"
"image82.png","349632",".png","D:\钢结构RRW方向\.codex_read\thesis\unpacked\word\media\image82.png"
"image83.png","328139",".png","D:\钢结构RRW方向\.codex_read\thesis\unpacked\word\media\image83.png"
"image84.png","1559043",".png","D:\钢结构RRW方向\.codex_read\thesis\unpacked\word\media\image84.png"
"image85.png","1639538",".png","D:\钢结构RRW方向\.codex_read\thesis\unpacked\word\media\image85.png"
"image86.wmf","1814",".wmf","D:\钢结构RRW方向\.codex_read\thesis\unpacked\word\media\image86.wmf"
"image87.png","1021488",".png","D:\钢结构RRW方向\.codex_read\thesis\unpacked\word\media\image87.png"
"image88.wmf","954",".wmf","D:\钢结构RRW方向\.codex_read\thesis\unpacked\word\media\image88.wmf"
"image89.png","940308",".png","D:\钢结构RRW方向\.codex_read\thesis\unpacked\word\media\image89.png"
"image9.png","4479",".png","D:\钢结构RRW方向\.codex_read\thesis\unpacked\word\media\image9.png"
"image90.png","1152602",".png","D:\钢结构RRW方向\.codex_read\thesis\unpacked\word\media\image90.png"
"image91.png","10483",".png","D:\钢结构RRW方向\.codex_read\thesis\unpacked\word\media\image91.png"
"image92.png","89874",".png","D:\钢结构RRW方向\.codex_read\thesis\unpacked\word\media\image92.png"
"image93.jpeg","51760",".jpeg","D:\钢结构RRW方向\.codex_read\thesis\unpacked\word\media\image93.jpeg"
"image94.png","114753",".png","D:\钢结构RRW方向\.codex_read\thesis\unpacked\word\media\image94.png"
"image95.jpeg","8438",".jpeg","D:\钢结构RRW方向\.codex_read\thesis\unpacked\word\media\image95.jpeg"
"image96.jpeg","30988",".jpeg","D:\钢结构RRW方向\.codex_read\thesis\unpacked\word\media\image96.jpeg"
"image97.png","250229",".png","D:\钢结构RRW方向\.codex_read\thesis\unpacked\word\media\image97.png"
"image98.png","50668",".png","D:\钢结构RRW方向\.codex_read\thesis\unpacked\word\media\image98.png"
"image99.png","81179",".png","D:\钢结构RRW方向\.codex_read\thesis\unpacked\word\media\image99.png"
