"Index","Style","Text"
"1","","学号：2023120619密级：公开"
"2","","硕士学位论文"
"3","","（专业学位）"
"4","","钢结构中潜在脆性构件的重要性程度评估方法研究及力学性能分析"
"5","","姓　     名："
"6","","吴仁彬"
"7","","专业名称："
"8","","土木工程"
"9","","研究方向："
"10","","结构可靠性分析"
"11","","指 导 教 师："
"12","","昌毅（副教授）"
"13","","企 业 导 师："
"14","","朱健青（高级工程师）"
"15","","培 养 学院："
"16","","土木与建筑工程学院"
"17","","二○二六年六月"
"18","",""
"19","",""
"20","",""
"21","",""
"22","",""
"23","",""
"24","",""
"25","",""
"26","",""
"27","",""
"28","","中图分类号 TU375.3  学校代码 10405"
"29","","UDC  624                                                        密级 公开"
"30","",""
"31","","东华理工大学"
"32","","硕 士学位论文"
"33","",""
"34","","钢结构中潜在脆性构件的重要性程度评估方法研究及"
"35","","力学性能分析"
"36","",""
"37","","Research on the importance evaluation method"
"38","","and mechanical performance analysis"
"39","","of potential brittle components in steel structures"
"40","",""
"41","",""
"42","",""
"43","","作    者"
"44","","吴仁彬"
"45","","导师"
"46","","昌毅"
"47","","申请学位"
"48","","土木水利硕士专业学位"
"49","","培养单位"
"50","","土木与建筑工程学院"
"51","","专业名称"
"52","","土木工程"
"53","","研究方向"
"54","","结构可靠性分析"
"55","",""
"56","",""
"57","",""
"58","",""
"59","","二〇二六年六月"
"60","",""
"61","",""
"62","","东华理工大学博士（或硕士）学位论文英文题名页"
"63","",""
"64","","Research on the importanceevaluation method andmechanicalperformanceanalysis of potential brittlecomponents in steel structures"
"65","",""
"66","","AThesisSubmitted to"
"67","","East China University of Technology"
"68","","For the ProfessionalDegree ofMasterof"
"69","","Engineering"
"70","","BY"
"71","","WU Ren-bin"
"72","","Supervised by"
"73","","Prof. CHANG Yi"
"74","","and"
"75","","Senior Engineer ZHU Jian-qing"
"76","","School of Civil and Architectural Engineering"
"77","","East China University of Technology"
"78","","June 2026"
"79","",""
"80","",""
"81","","东华理工大学研究生毕业（学位）论文中文摘要首页用纸"
"82","","毕业论文题目：钢结构中潜在脆性构件的重要性程度评估方法研究及力学性能分析"
"83","","土木工程专业 2023 级硕士生姓名：吴仁彬"
"84","","指导教师（姓名、职称）：昌毅、副教授"
"85","1","摘要"
"86","","钢材作为一种典型的塑性材料，具有强度高、延展性好、造价低等优点。然而近些年来，由于钢材发生断裂引起的事故越来越多，造成了巨大的损失。通过对这些事故分析研究发现，有相当一部分钢材发生破坏时具有明显的脆性破坏的特点，即具有不确定性和瞬时性。说明在一些特定情况下，钢材是会发生脆性破坏的。以往相关人员对钢结构的分析研究中，均假设结构中的钢材为塑性性能，很少考虑到钢材呈现脆性性能而失效。因此为防止钢材的脆性破坏而造成严重后果，对结构中的脆性构件的重要性以及含脆性构件的结构整体力学性能研究是非常有必要的。"
"87","","本文以潜在脆性破坏构件的重要性程度作为研究对象，分别研究串联系统和并联系统中潜在脆性破坏构件的重要性程度，并分析不同参数如相关系数、构件总数、可靠度指标等对潜在脆性破坏构件的重要性程度影响。同时本文研究并联钢结构中脆性失效的重要性和含潜在脆性钢丝吊索的力学性能，分析不同参数下，潜在脆性失效构件的重要性程度变化和钢丝吊索的力学性能变化。主要成果如下："
"88","","(1)针对钢结构中潜在脆性破坏构件的重要性展开研究，提出潜在脆性破坏构件重要性程度的分析方法并研究构件总数量、相关系数、潜在脆性破坏构件的数量、可靠度指标等参数对潜在脆性破坏构件重要性程度的影响，发现：在串联系统中，潜在脆性破坏构件重要性程度与相关系数、构件总数等参数成正相关的关系，与可靠度指标成负相关的关系；在并联系统中潜在脆性破坏构件的重要性程度与相关系数、构件总数可靠度指标等参数均成负相关的关系。"
"89","","(2)基于风险达成价值RAW，提出了适用于并联钢结构中潜在脆性失效构件的重要性程度分析方法和重要性程度评估方法，进而非线性拟合出适应于潜在脆性失效构件的重要性程度公式，验证了本文所提方法的有效性和准确性。并发现：在并联钢结构中，其余参数不变的情况下，潜在脆性失效构件的重要性程度与构件总数、可靠度指标等参数成负相关的关系；在并联钢结构中，构件作为潜在脆性失效构件时的重要性程度始终低于其作为塑性失效构件时的重要性程度。"
"90","","(3)针对含潜在脆性钢丝吊索的力学性能展开研究，进而建立了含潜在脆性钢丝吊索的有限元模型。通过对其开展拉伸试验，分析了不同潜在脆性钢丝数量和不同潜在脆性钢丝位置对吊索力学性能的影响。发现：在其余条件不变的情况下，含潜在脆性钢丝吊索的最大索力与潜在脆性钢丝的数量、潜在脆性钢丝所在层数等参数呈负相关关系。然后通过非线性拟合提出了含有潜在脆性钢丝吊索的最大索力计算公式，并通过工程实例分析验证了本文所提拟合公式的准确性和有效性。"
"91","","关键词：潜在脆性破坏构件；重要性程度；失效概率；有限元模拟；相关系数"
"92","",""
"93","",""
"94","",""
"95","","东华理工大学研究生毕业（学位）论文英文摘要首页用纸"
"96","","THESIS:  Research on the importance evaluation method and mechanicaperformance analysis of brittle components in steel structures"
"97","","SPECIALIZATION:Civil Engineering________________"
"98","","POSTGRADUATE:___________WU Ren-bin___"
"99","","MENTOR:______  CHANG Yi （Associate Professor）      __       _"
"100","1","Abstract"
"101","","As a typical plastic material, steel possesses advantages such as high strength, good ductility, and low cost. However, in recent years, an increasing number of accidents caused by steel fracture have resulted in significant losses. Through the analysis and investigation of these accidents, it has been found that a considerable portion of steel failures exhibit distinct brittle fracture characteristics, namely uncertainty and instantaneousness. This indicates that under certain specific conditions, steel can undergo brittle failure. In previous analytical studies of steel structures by relevant researchers, it was generally assumed that the steel in the structure exhibits plastic behavior, with little consideration given to failure due to steel exhibiting brittle properties. Therefore, to prevent the severe consequences of brittle failure in steel, it is highly necessary to study the importance of components prone to brittle failure within a structure, as well as the overall mechanical performance of structures containing such brittle components."
"102","","This paper takes the importance of components with potential brittle failure as the research object. It investigates the importance of these potentially brittle components in series systems and parallel systems separately, and analyzes the influence of different parameters, such as the correlation coefficient, the total number of components, and the reliability index, on their importance. Concurrently, this study examines the importance of brittle failure in parallel steel structures and the mechanical properties of steel wire ropes containing potentially brittle wires. It analyzes how the importance of potentially brittle failure components and the mechanical properties of the wire ropes vary under different parameters. The main achievements are as follows:"
"103","","(1) A study was conducted on the importance of components with potential brittle failure in steel structures. An analytical method for assessing the importance of these potentially brittle components was proposed. The effects of parameters such as the total number of components, correlation coefficient, number of potentially brittle components, and reliability index on their importance were investigated. It was found that in a series system, the importance of a potentially brittle component is positively correlated with parameters such as the correlation coefficient and the total number of components, but negatively correlated with the reliability index. In a parallel system, the importance of a potentially brittle component is negatively correlated with param"
"104","","(2) Based on the Risk Achievement Worth (RAW), an analysis method and an evaluation method for assessing the importance of potential brittle failure components in parallel steel structures were proposed. Subsequently, a formula suitable for describing the importance of these potential brittle failure components was derived through nonlinear fitting, verifying the effectiveness and accuracy of the proposed method. It was also discovered that in a parallel steel structure, with other parameters held constant, the importance of a potential brittle failure component is negatively correlated with parameters such as the total number of components and the reliability index. Furthermore, in a parallel steel structure, the importance of a component when considered as a potential brittle failure component is consistently lower than its importance when considered as a ductile failure component."
"105","","(3) Research was conducted on the mechanical properties of steel wire ropes containing potentially brittle wires, leading to the establishment of a finite element model for such ropes. Through tensile tests on these models, the effects of different numbers and different locations of potentially brittle wires on the mechanical properties of the wire rope were analyzed. It was found that, under otherwise identical conditions, the maximum cable force of a steel wire rope containing potentially brittle wires is negatively correlated with parameters such as the number of potentially brittle wires and the layer in which these wires are located. Subsequently, a formula for calculating the maximum cable force of a steel wire rope containing potentially brittle wires was proposed through nonlinear fitting. The accuracy and validity of this proposed fitting formula were verified through the analysis of an engineering example."
"106","","Keywords:potential brittle failure component; importance degree; failure probability; finite element simulation；correlation coefficient"
"107","",""
"108","",""
"109","",""
"110","",""
"111","",""
"112","",""
"113","",""
"114","",""
"115","",""
"116","",""
"117","TOC","目录"
"118","TOC1","第1章绪论	1"
"119","TOC2","1.1 研究背景及意义	1"
"120","TOC3","1.1.1 研究背景	1"
"121","TOC3","1.1.2 研究意义	2"
"122","TOC2","1.2 国内外研究现状	2"
"123","TOC3","1.2.1 钢结构脆性破坏研究现状	2"
"124","TOC3","1.2.2 重要性程度研究现状	3"
"125","TOC3","1.2.3 吊索力学性能研究现状	4"
"126","TOC2","1.3 本文内容及技术路线	6"
"127","TOC3","1.3.1 本文的主要内容	6"
"128","TOC3","1.3.2 本文的技术路线	6"
"129","TOC1","第2章钢结构中含潜在脆性破坏构件重要性程度评估方法	9"
"130","TOC2","2.1 塑性构件重要性程度评价方法	9"
"131","TOC2","2.2 潜在脆性破坏构件重要性程度评价	10"
"132","TOC3","2.2.1 当含一个潜在脆性破坏构件时	10"
"133","TOC3","2.2.2 当含两个潜在脆性破坏构件时	11"
"134","TOC3","2.2.3 当含n1个潜在脆性破坏构件时	13"
"135","TOC2","2.3 影响重要性程度参数的对比分析	15"
"136","TOC3","2.3.1 串联系统中单参数影响下重要性程度分析	15"
"137","TOC3","2.3.2 串联系统中多参数影响下重要性程度分析	18"
"138","TOC3","2.3.3 并联系统中单参数影响下重要性程度分析	21"
"139","TOC2","2.4 实例分析	24"
"140","TOC3","2.4.1 桁架钢结构分析	24"
"141","TOC3","2.4.2 清水塘大桥钢桁架实例分析	28"
"142","TOC3","2.4.3 单股光面钢丝绳	30"
"143","TOC2","2.5 本章小结	31"
"144","TOC1","第3章并联钢结构中潜在脆性失效构件重要性评估方法研究	33"
"145","TOC2","3.1 并联钢结构中构件重要性程度评价	34"
"146","TOC3","3.1.1 层次分析法衡量构件重要性程度	34"
"147","TOC3","3.1.2 风险达成价值衡量构件重要性程度	34"
"148","TOC2","3.2 基于RAW的参数影响对比分析及重要性程度拟合公式	38"
"149","TOC3","3.2.1 单参数影响下重要性程度分析	38"
"150","TOC3","3.2.2 多参数影响下重要性程度分析	39"
"151","TOC3","3.2.3 潜在脆性失效构件的重要性程度拟合公式	41"
"152","TOC2","3.3 并联钢结构实例分析	44"
"153","TOC3","3.3.1 工程概况	44"
"154","TOC3","3.3.2 钢吊索重要性程度分析	44"
"155","TOC2","3.4 本章小结	46"
"156","TOC1","第4章含潜在脆性钢丝吊索的力学性能试验和有限元分析	49"
"157","TOC2","4.1 试验概况	49"
"158","TOC3","4.1.1 试件选择与试验装置	49"
"159","TOC3","4.1.2 试验内容与结果	51"
"160","TOC2","4.2 含潜在脆性钢丝吊索有限元模型	51"
"161","TOC3","4.2.1 不含潜在脆性钢丝吊索有限元模型的建立	51"
"162","TOC3","4.2.2 含潜在脆性钢丝吊索有限元模型的建立	53"
"163","TOC2","4.3 影响吊索最大索力参数对比分析	55"
"164","TOC3","4.3.1 单参数影响下吊索最大索力分析	55"
"165","TOC3","4.3.2 多参数影响下吊索最大索力分析	57"
"166","TOC2","4.4 含潜在脆性钢丝吊索最大索力拟合公式	57"
"167","TOC3","4.4.1 拟合公式	58"
"168","TOC3","4.4.2 对比分析	59"
"169","TOC2","4.5 含潜在脆性钢丝吊索实例分析	60"
"170","TOC3","4.5.1 工程概况	60"
"171","TOC3","4.5.2 含潜在脆性钢丝吊索最大索力分析	61"
"172","TOC2","4.6 本章小结	62"
"173","TOC1","第5章结论与展望	65"
"174","TOC2","5.1 结论	65"
"175","TOC2","5.2 展望	66"
"176","TOC1","致谢	67"
"177","TOC1","攻读硕士学位期间取得的科研成果	69"
"178","TOC1","参考文献	71"
"179","",""
"180","",""
"181","",""
"182","",""
"183","",""
"184","",""
"185","",""
"186","",""
"187","",""
"188","",""
"189","",""
"190","",""
"191","","插图与附表清单"
"192","","插图清单"
"193","ae","图 1.1埃菲尔铁塔	1"
"194","ae","图 1.2金门大桥	1"
"195","ae","图 1.3本文技术路线	7"
"196","ae","图2.1  钢结构脆性断裂	9"
"197","ae","图2.2  构件i的RAW指标示意图	10"
"198","ae","图2 .3 系统中含一个潜在脆性破坏构件的失效情况分析图	11"
"199","ae","图 2.4  系统中含两个潜在脆性破坏构件的失效情况分析图	12"
"200","ae","图 2.5  不含构件i的系统失效情况分析图(左图为串联系统，右图为并联系统)	13"
"201","ae","图 2.6 相关系数与重要性程度关系曲线图(串联系统)	16"
"202","ae","图 2.7 相关系数与重要性程度关系曲线图(串联系统)	17"
"203","ae","图 2.8 可靠度指标与重要性程度关系曲线图(串联系统)	17"
"204","ae","图 2.9 潜在脆性破坏构件数量与重要性程度关系曲线图(串联系统)	18"
"205","ae","图 2.10 相关系数及潜在脆性破坏构件数量与重要性程度关系三维图（串联系统）	19"
"206","ae","图 2.11 潜在脆性破坏构件数量及构件总数量与重要性程度关系三维图（串联系统）	20"
"207","ae","图 2.12 构件总数量及相关系数与重要性程度关系三维图（串联系统）	21"
"208","ae","图 2.13 相关系数与重要性程度关系曲线图(并联系统)	22"
"209","ae","图2.14 构件总数与重要性程度关系曲线图(并联系统)	23"
"210","ae","图2.15 可靠度指标与重要性程度关系曲线图(并联系统)	24"
"211","ae","图 2.16 构件总数量n=11的静定桁架结构图	25"
"212","ae","图 2.17构件总数量n=11的静定桁架结构内力分布图	25"
"213","ae","图 2.18 构件总数量n=7的静定桁架结构图	25"
"214","ae","图 2.19 构件总数量n=11静定桁架结构内力分布图	26"
"215","ae","图 2.20 钢桁架结构的相关系数与重要性程度关系曲线图	27"
"216","ae","图 2.21 钢桁架结构的构件总数量与重要性程度关系曲线图	27"
"217","ae","图 2.22 钢桁架结构的可靠度指标与重要性程度关系曲线图	28"
"218","ae","图 2.23 钢桁架结构的潜在脆性破坏构件数量与重要性程度关系曲线图	28"
"219","ae","图 2.24清水塘大桥立面图	29"
"220","ae","图 2.25 部分钢桁架分布图	29"
"221","ae","图 2.26 单股光面钢丝绳(右图为钢丝绳截面)	30"
"222","ae","图3.1 RAWi的系统变化示意图	35"
"223","ae","图 3.2 n个构件发生塑性破坏失效的情况示意图	36"
"224","ae","图 3.3 n-1个构件发生塑性破坏失效的情况示意图	36"
"225","ae","图 3.4 1个构件发生脆性破坏的情况示意图	37"
"226","ae","图 3.5 构件总数与重要性程度关系曲线图	38"
"227","ae","图 3.6 可靠度指标与重要性程度关系曲线图	39"
"228","ae","图 3.7 作为塑性失效构件时的重要性程度关系曲面图	40"
"229","ae","图 3.8 作为潜在脆性失效构件的重要性程度关系曲面图	40"
"230","ae","图 3.9 转换因子k的对比分析图	42"
"231","ae","图 3.10 潜在脆性失效构件的拟合公式值与试验值对比分析图	43"
"232","ae","图 3.11 潜在脆性失效构件的拟合公式值与试验值误差分析图	43"
"233","ae","图 3.12 清水塘大桥立面图	44"
"234","ae","图 3.13 吊索分布图	44"
"235","ae","图 4.1a 吊索实景图	50"
"236","ae","图 4.1b 吊索分布图	50"
"237","ae","图 4.2 试验测量装置	50"
"238","ae","图 4.3 索力检测现场图	51"
"239","ae","图 4.4 PES7-1770-187吊索有限元三维模型	52"
"240","ae","图 4.5 PES7-1770-187吊索有限元三维模型截面	52"
"241","ae","图 4.6 PES7-1770-187吊索有限元三维模型应力分布截面	53"
"242","ae","图 4.7 PES7-1770-187吊索截面分层图	54"
"243","ae","图 4.8 含潜在脆性钢丝吊索有限元三维模型应力分布截面	54"
"244","ae","图 4.9 潜在脆性钢丝数量与吊索最大索力关系曲线图	55"
"245","ae","图 4.10 潜在脆性钢丝所在层数与吊索最大索力关系曲线图	56"
"246","ae","图 4.11 潜在脆性钢丝个数及脆性钢丝所在层数与吊索最大索力关系三维图	57"
"247","ae","图 4.12 转换因子λ的对比分析图	58"
"248","ae","图 4.13 含潜在脆性钢丝吊索最大索力的拟合公式值与试验值误差分析图	59"
"249","ae","图 4.14 清水塘大桥现场侧面图	60"
"250","ae","图 4.15 吊索破损图	60"
"251","ae","图 4.16 吊索结构示意图	61"
"252","ae","图 4.17 清水塘大桥吊索最大索力试验值与拟合公式值对比分析图	61"
"253","ae","图 4.18 清水塘大桥吊索最大索力试验值与拟合公式值误差分析图	62"
"254","",""
"255","","表格清单"
"256","ae","表 2.1 各个构件的可靠度指标	26"
"257","ae","表 2.2 清水塘大桥部分钢桁架的可靠度指标	29"
"258","ae","表 2.3 未移除钢丝2时每根钢丝的可靠度指标	30"
"259","ae","表 2.4 移除钢丝2时每根钢丝的可靠度指标	31"
"260","ae","表 3.1 构件的判断矩阵	34"
"261","ae","表 3.2 吊索索力与吊索的可靠度指标	45"
"262","ae","表 3.3 吊索的判断矩阵	46"
"263","ae","表 4.1 试验结果	51"
"264","",""
"265","",""
"266","",""
"267","",""
"268","",""
"269","",""
"270","",""
"271","",""
"272","",""
"273","",""
"274","",""
"275","",""
"276","",""
"277","",""
"278","",""
"279","",""
"280","",""
"281","",""
"282","",""
"283","",""
"284","",""
"285","",""
"286","",""
"287","",""
"288","",""
"289","",""
"290","",""
"291","",""
"292","",""
"293","",""
"294","1","绪论"
"295","2","研究背景及意义"
"296","3","研究背景"
"297","","自改革开放以来，随着市场的需求，我国钢产量和消费量不断增长。从1996年起，我国钢产量消费量连续多年位居世界第一，2021年我钢钢产量高达103279万吨，远超世界钢产量平均水平[1][2]。钢材具有强度高、重量轻、塑性性能良好等特点，并且在达到极限承载能力后，其承载能力也不会立刻失效[3][5]。因此被广泛用于工程结构设计中。例如，法国埃菲尔铁塔（图1.1）的建造使用了约7300万吨钢材，在建造过程中钢材不仅被用于构建主体结构，还被用于打造各种细节和装饰元素，完美体现了工程与艺术的完美结合[6]。美国金门大桥（图1.2）建造用钢量约为83.7万吨，其中桥面结构约使用了约8.9万吨钢材而主桥塔、主缆和悬索结构共使用了74.8万吨钢材，是20世纪30年代钢铁建筑的标志[7]。"
"298","",""
"299","af0","图 1.1埃菲尔铁塔"
"300","af0","图 1.2金门大桥"
"301","af0","Figure 1.1 Eiffel Tower"
"302","af0","Figure 1.2Golden Gate Bridge"
"303","",""
"304","","由于钢材具有良好的塑性性能，所以常常被认为是纯塑性材料。然而在1994年美国发生的北岭地震和1995年日本发生的阪神地震中，均发现了钢材发生脆性破坏的情况[8][10]。说明在一定条件下，钢材是可能发生脆性破坏的。随着科学技术的发展，钢材的生产工艺、结构设计和工程应用均有了明显的迭代升级。但仍然无法避免钢材中出现杂质和裂纹等情况，钢材仍具有发生脆性破坏的可能性[11]。同时，一些极端的外部条件也会导致钢材出现脆性破坏的现象，如一次性施加过大荷载导致钢材发生脆性破坏；低温环境下钢材会出现“冷脆”现象；长期暴露在潮湿环境中，钢材容易出现锈蚀磨损等现象，破坏了其表面的完整性从而发生脆性破坏。基于以上背景内容，钢材发生脆性破坏现象已构成一个不容忽视的工程安全隐患。"
"305","3","研究意义"
"306","","在实际钢结构中，某些钢构件可能呈现脆性的现象。而在关于钢材的研究中，均假设钢材呈现完全的塑性性能，忽视了钢材可能呈现脆性性能从而发生脆性破坏的情况[12]。并且钢材发生脆性破坏时，具有极大的不确定性和瞬时性，容易造成严重后果，因此为更好地发挥钢材地塑性性能，防止其发生脆性破坏产生严重后果，对钢结构中脆性构件的重要性程度以及力学性能研究是非常有必要的。"
"307","","本文针对钢结构中的脆性失效构件和潜在脆性破坏构件的重要性程度展开研究，同时分析了含有脆性钢丝的吊索的力学性能变化，这不仅深化了对脆性构件问题的理论认识，丰富了钢结构的研究内容，也为后续的工程预防与修复实践提供了参考，对保障结构安全具有现实意义。"
"308","2","国内外研究现状"
"309","3","钢结构脆性破坏研究现状"
"310","","1945年，E.Orowan[13]在对断裂行为的研究中提出：材料发生脆性断裂往往并非由单一因素引起，而是多种力学与环境条件共同作用的结果。其物理本质可归结于材料在断裂发生区域的局部塑性变形过大。"
"311","","1960年，曹伟翔[14]发表了关于钢材脆性断裂问题的研究文章。首次在钢材破坏形式中明确观察到典型的脆性破坏现象，揭示了应力集中与试样缺口效应是导致钢材发生脆性破坏的关键因素。当结构中存在几何突变或缺陷形成的应力集中时，钢材的破坏模式会从延性破坏转变为脆性断裂。"
"312","","1994年，王元清[15]通过对钢结构低温冷脆现象的分析研究和工程实际经验的总结，提出了一整套防止和消除钢结构构件在低温下发生脆性破坏的方法和技术措施。"
"313","","2003年，底素卫[16]总结了焊接钢结构出现脆性断裂破坏的原因、影响结构脆性断裂的因素、以及防止脆性断裂的措施。提出控制脆性断裂，除了从裂纹、应力和材料韧性三方面着眼外，还应注意合理的结构设计和选用合适的钢材。同时设计时应注意荷载多路径传递，例如将结构设计成超静定结构。"
"314","","2008年，周晖[17]对钢结构厚板进行了研究，发现钢板厚度的增加将会提高发生脆性破坏的可能性，需要Z向性能的特别要求。"
"315","","2010年，周剑[18]分析了不同翼缘宽厚比的耗能梁段在循环荷载下的受力性能，设计了4个试件采用有限元软件Ansys对其受力性能进行非线性有限元模拟。分析了不同长度耗能梁段的受力特点，指出不同耗能段的四种破坏模式，即影响破坏模式最重要的因素是耗能段的长度，另外还与截面几何特征有关。"
"316","","2019年，买彦硕[19]以钢结构为对象，针对钢结构中含有可能发生脆性破坏构件（即潜在脆性破坏构件）的情况，进行可靠性分析，并提出相应的可靠度计算方法。并以串联系统为例，研究分析了所提出的可靠度计算方法的精度和效率。"
"317","","2020年，易林莉[20]将含潜在脆性破坏构件的并联钢结构系统，按照失效模式的不同，分为瞬时失效和相继失效两种情况分别讨论。分别研究这两种失效模式下，并联钢结构系统的失效特点。根据潜在脆性破坏构件数量的变化，建立并联钢结构系统失效概率的数学模型，并总结出系统失效概率的计算方法。"
"318","","2021年，余柳明[21]基于剩余极限强度，提出了基于剩余极限强度方法，用以含裂纹损伤钢构件呈现脆性性能的概率，即脆性条件概率。当钢构件存在一定长度的裂纹损伤时，其计算的脆性条件概率能够较为准确的预测含裂纹损伤钢构件呈现脆性性能或塑性性能。"
"319","","2023年，邹杨洋[22]以Q235和Q355钢为研究对象，对含不同角度裂纹损伤钢构件开展试验和理论研究。根据试验得到的抗拉强度、屈服强度和断后伸长率等评价钢构件性能的指标，研究裂纹角度、相对裂纹长度以及变化屈强比，对剩余极限强度的影响规律。在剩余极限强度的基础上，分析含不同角度裂纹损伤钢构件呈现脆性性能的概率。"
"320","","2025年，邱森贵[23]通过分析裂纹对可靠性的影响,提出了含裂纹损伤钢构件的并联钢结构失效概率分析方法,并分析了不同参数对失效概率的影响。"
"321","3","重要性程度研究现状"
"322","","关于构件重要性程度的研究早在20世纪70年代就已经开始。1975年，Fussel[24]提出了FV（Fussell-Vesely）重要性指标，旨在定量评估系统中各个构件或子系统对整体失效概率的贡献程度。通过对系统失效概率的偏微分分析，精确识别出那些对系统可靠性影响最为显著的薄弱环节，从而为系统设计与优化提供了关键依据。基于FV指标的理论框架，后续研究进一步扩展提出了FVC（Fussell-Vesely Cut Set）重要性指标，该方法聚焦于系统中可能导致整体失效的关键最小割集，不仅衡量单个构件的影响，更系统性地评价了由多个构件组合形成的潜在失效路径对系统可靠性的综合作用，为复杂系统的精细化可靠性分析与安全改进提供了更全面、结构化的评估工具。"
"323","","1990年，Anders[25]提出了边界概率（Boundary Probability，BP）重要性指标。该指标主要用于衡量单个构件状态的变化对整个系统失效概率所产生的影响。其核心思路是计算某个构件失效时系统的失效概率与该构件正常运行时系统的失效概率之间的差值。该差值反映了构件自身状态改变所带来的系统风险增量。"
"324","","2001年，Borgonovo和Apostolakis[26]提出的风险达成价值（Risk Achievement Worth，RAW）重要性指标，是在系统可靠性与风险评估领域中被广泛使用的一种关键性分析方法。该指标的核心思路是通过计算假设某一特定构件失效时系统的失效概率与所有构件正常运行时系统的失效概率的比值。比值越高，意味着若该构件失效，系统整体的失效风险将显著增加，从而表明该构件越重要。"
"325","","2003年，Vinod[27]等学者提出风险降低价值（Risk Reduction Worth, RRW）重要性指标，是一种用于量化评估系统中各构件重要性程度的分析方法。该方法的核心思路是计算所有构件均存在时系统的失效概率与将某一特定构件替换为完全可靠构件时系统的失效概率的比值。比值越高，意味着若将该构件替换成完全可靠构件时系统整体的失效概率将显著降低，即意味着该构件越重要。"
"326","","2010年，叶列平[28]提出了基于广义结构刚度的构件重要性评价方法。总结了现有构件重要性评价指标的研究概况和工程经验。根据结构体系传力路径中传递荷载比例大的构件重要性大的思路通过理论推导定义了考虑荷载作用的广义结构刚度。以拆除构件对广义结构刚度的影响程度作为该构件重要性评价指标"
"327","","2015年，董君[29]将层次分析法运用于结构系统中，用来衡量每个构件所占的权重，从而分析每个构件的重要性程度。使得工程决策不再仅仅盯着概率数字，而是能够在技术可行性、经济约束和风险偏好之间取得最优平衡。"
"328","","2018年，孟哲[30]基于能量方法采用构件属性改变后对结构整体应变能的单位体积改变率作为构件重要性的评价指标。运用有限元软Ansys开发了基于生死单元法和改变弹性模量法的构件重要性评价程序，得到了构件的重要性系数和排序。为确定传统木构建筑遗产在修缮施工、维护以及结构健康监测过程中需要重点关注的构件提供科学合理的理论依据。"
"329","","2023年，姜岚[31]提出了基于多评价指标的重要性分类方法，并运用于铁塔构件重要性中。基于改变路径法拆除铁塔构件，综合考虑剩余结构的最大应力均值变化率和可靠度两个评价指标，采用熵权—优劣解距离决策法构造综合评价模型，为输电铁塔智能监测领域的传感器布置问题提供理论基础。"
"330","","2024年，花全均[32]开发了一种基于荷载修正的传统木构建筑构件重要性评价程序，基于荷载工况修正与荷载重分布修正重构了荷载分布矩阵，基于荷载施加构件修正改进了构件重要性计算方法。"
"331","3","吊索力学性能研究现状"
"332","","2003年，Faber M H[33]等学者从统计学的角度出发，对由大量平行钢丝组成的吊索的强度分布规律进行了深入研究。指出当吊索中平行钢丝的数量达到一定程度时，全部钢丝的平均强度分布可以近似用正态分布来描述。"
"333","","2005年，郑亚明[34]等学者通过对吊索中的预腐蚀钢绞线进行静力张拉试验，总结了腐蚀率对钢绞线抗拉性能的影响规律，即随着腐蚀程度增加，钢绞线的抗拉强度会逐渐降低。"
"334","","2006年，罗渝[35]以压力分散型工作锚索为研究对象，建立三维有限元计算模型，通过研究在不同锚固力和围岩变形模量条件下，压力分散型锚索地面位移与应力、锚索砂装体与孔壁间应力分布，揭示围岩变形模量对压力分散型锚索力学性能的影响。"
"335","","2010年，郑静[36]通过施加、未施加预应力钢绞线裸筋和施加、未施加预应力注浆空洞缺陷锚索4种不同类型锚索锚筋的腐蚀试验，分析研究在强腐蚀环境条件下锚索锚筋的腐蚀情况、腐蚀速率、力学性能随时间的变化规律等对锚索腐蚀试样断裂荷载随时间的变化关系进行回归分析。"
"336","","2010年，曾严红和顾祥林[37][35]针对电化学加速腐蚀后的钢绞线试件进行了静力拉伸试验研究，得出了与郑亚明相似的结论，即钢绞线极限强度随腐蚀程度的增加迅速减小。"
"337","","2012年，Jiang W[38]通过建立高精度实体单元的吊索模型，探究了钢丝间接触状态、相对滑移以及界面摩擦效应对其力学性能的影响机制。"
"338","","2016年，乔燕[39]对103根袁州大桥拆除得到的腐蚀旧钢丝进行静力拉伸试验、疲劳试验和扭转试验。发现，腐蚀吊索钢丝的静拉力学性能参数不拒绝正态分布和对数正态分布。"
"339","","2018年，杨世聪[40]通过酸雨环境下拉吊索钢绞线在交变应力、静态应力和无应力工况的加速腐蚀试验，运用数字化扫描电子显微镜对腐蚀试件进行图像采集，并进行图像灰度分析，研究钢绞线细观层次的腐蚀损伤力学行为。探索出一种基于图像灰度分析的钢绞线腐蚀疲劳损伤评定方法，能更好的评估在役拉吊索服役状况与剩余寿命。"
"340","","2020年，顾硕[41]结合桥梁荷载实测数据和拉吊索钢丝预腐蚀疲劳试验结果，利用有限元分析方法开展了对随机荷载作用下的不同腐蚀等级的桥梁拉吊索钢丝的疲劳性能与剩余疲劳寿命研究。"
"341","","2022年，朱国超[42]等学者运用ANSYS建立多种钢绞线吊索精细化模型，进行不同轴偏转角张拉模拟，进一步得到了不同轴偏转角对钢绞线吊索的影响规律。"
"342","","2022年，张召磊[43]通过拉伸试验和疲劳试验，研究了不同温度、高温持续时间、降温方式等因素对钢丝的强度和疲劳寿命的影响。并通过大量的钢丝疲劳试验，得到钢丝高温后疲劳寿命。为评估吊索火灾后的损伤程度、判断吊索的剩余承载力和使用寿命提供了参考。"
"343","","2023年，谢清清[44]利用铜盐加速腐蚀法制备腐蚀钢丝试件，对试件进行4个不同轴偏转角的静力张拉试验，并利用Ansys对试验和蚀坑进行数值模拟。发现：钢丝的质量失重率和平均腐蚀深度随腐蚀时间呈线性增大，而腐蚀速率却随腐蚀时间呈二次曲线减小；钢丝极限抗拉性能随偏转角的增大而减小。"
"344","2","本文内容及技术路线"
"345","3","本文的主要内容"
"346","","在以往钢材的研究中，均认为钢材是塑性材料。但由于钢材自身的缺陷，以及加工工艺或设计等原因，会导致钢材存在裂纹，从而可能造成钢构件没有呈现塑性性能而是呈现脆性性能后发生脆性破坏。因此，为了避免钢构件脆性失效导致的严重后果，对钢结构中的脆性构件的重要性程度进行评估和对含有脆性构件的结构系统进行整体力学分析就显得尤为重要。具体研究内容如下："
"347","","（1）通过引入风险达成价值分析，对钢结构中的潜在脆性破坏构件的重要性程度展开研究，提出了重要性程度的评估方法。并进一步分析了构件总数量、相关系数、潜在脆性破坏构件的数量和可靠度指标等参数与构件重要性程度之间的关系和规律。"
"348","","（2）通过吊索试验收集吊索的相关力学性能数据，并以此为基础构建不含脆性钢丝吊索和含脆性钢丝吊索的有限元模型，研究总结了不同潜在脆性钢丝数量和潜在脆性钢丝不同位置等参数对吊索力学性能的影响规律，提出了适用于含潜在脆性钢丝吊索力学性能的索力计算公式。"
"349","","（3）根据本文所提出的方法和计算公式，运用于工程实例中并与实际结果对比，验证本文提出的方法和计算公式的正确性。"
"350","3","本文的技术路线"
"351","","本文的技术路线图，如图1.2所示。"
"352","",""
"353","af0","图1.2技术路线"
"354","af0","Figure 1.2 Technical route"
"355","",""
"356","",""
"357","",""
"358","",""
"359","",""
"360","",""
"361","",""
"362","",""
"363","1","钢结构中含潜在脆性破坏构件重要性程度评估方法"
"364","","钢结构作为一种现代化的建筑结构形式，凭借其灵活的构件组合方式和高效的装配化施工特点，在工业厂房、高层建筑、大跨度空间结构等领域展现出广阔的应用前景[45][47]。而钢结构中的钢构件作为一种典型的塑性材料，具有高强度、高韧性、低造价等优点，并且在达到极限承载能力后，其承载能力也不会立刻失效。但是由于材料的一些自身缺陷，以及加工工艺或设计的原因等情况，会导致构件内部裂纹的存在，进而可能造成钢构件因呈现脆性性能而破坏[48][50]，如图2.1所示。这类构件被称为潜在脆性破坏构件。因此，为更好地发挥钢材的塑性性能，防止其发生脆性破坏而导致严重后果，需要对结构中的潜在脆性破坏构件的重要性程度进行评估。而在关于构件重要性的研究中，均假设构件呈现完全的塑性性能[51]，忽视了构件可能呈现脆性的情况。本文针对钢结构中的潜在脆性破坏构件的重要性程度展开研究，提出了评估潜在脆性破坏构件重要性程度的方法，并分析和总结了构件总数、相关系数可靠度指标等参数与潜在脆性破坏构件重要性程度之间的关系。"
"365","",""
"366","",""
"367","",""
"368","af0","图2.1钢结构脆性断裂"
"369","af0","Figure 2.1 Brittle fracture of steel structures"
"370","",""
"371","2","塑性构件重要性程度评价方法"
"372","","风险达成价值(RAW)作为一个用于评价风险管理措施效果的指标，可用来衡量系统中任意构件的重要性程度。在含n个构件的系统S中，假设任一构件的编号为i，则RAW可通过计算不含构件i时系统的失效概率，与含构件i时系统的失效概率的比值，来衡量构件i的重要性程度。RAW指标的示意图如图2.2所示。"
"373","ab",""
"374","ab",""
"375","ab",""
"376","af0","图2.2构件i的RAW指标示意图"
"377","af0","Figure 2.2 Schematic diagram for the RAW index of component i"
"378","",""
"379","","不含构件i的系统，其构件总数量为n-1个此时，构件i的RAW指标为："
"380","MTDisplayEquation",""
"381","","式中：RAWi代表构件i的RAW指标，指标的大小反映了该构件的重要性程度，指标越大，说明该构件的重要性程度越高；为系统的失效概率,而系统不含有构件i；为系统S的失效概率。"
"382","2","潜在脆性破坏构件重要性程度评价"
"383","","当系统中存在潜在脆性破坏构件时，由于其有发生脆性破坏的可能，此时的失效情况将变得更为复杂。根据系统中潜在脆性破坏构件个数的不同，本节将其分为含一个潜在脆性破坏构件、含两个潜在脆性破坏构件和含n1个潜在脆性破坏构件三种不同的情况进行分析。"
"384","3","当含一个潜在脆性破坏构件时"
"385","","假设由n个构件构成的系统S，且含有一个编号为i的潜在脆性破坏构件。此时，系统S的失效情况可分为如图2.3所示的两种不同情况："
"386","af2","①构件i呈现脆性后的系统S1b失效;"
"387","af2","②构件i呈现塑性后的系统Sd失效。"
"388","",""
"389","af0","图2 .3系统中含一个潜在脆性破坏构件的失效情况分析图"
"390","af0","(左图为串联系统，右图为并联系统)"
"391","","Figure 2.3 Failure analysis diagram of a system containing a component prone to potentialbrittle fracture"
"392","","(The left diagram shows a series system, and the right diagram shows a parallel system.)"
"393","",""
"394","","图2.3中id表示构件i呈现塑性状态；ib表示构件i为脆性状态。S1b中的符号1b表示一个潜在脆性破坏构件为脆性状态，故S1b为系统S中存在一个为脆性状态的潜在脆性破坏构件的情况。Sd中的符号d表示所有构件均为塑性状态，故Sd为系统S中所有构件均为塑性状态的情况。因此，系统S的失效概率可表示为"
"395","MTDisplayEquation",""
"396","","式中：为构件i为脆性状态的概率；为系统S中存在一个为脆性状态的潜在脆性破坏构件时的失效概率。为构件i为塑性状态的概率；为系统S中所有构件均为塑性状态时的失效概率。"
"397","","从RAW的本质可知，为了计算潜在脆性破坏构件i的重要性程度，需要计算系统的失效概率。由于在本节中，系统S只含有一个潜在脆性破坏构件i，所以系统中不含潜在脆性破坏构件，那么系统中所有构件均为塑性，故系统只能在所有构件为塑性状态时失效。因此，系统的失效概率相当于含n-1个塑性构件时的系统的失效概率。"
"398","3","当含两个潜在脆性破坏构件时"
"399","","假设由n个构件构成的系统S，且含有两个编号为i、j的潜在脆性破坏构件，则该系统的失效情况可分为如图2.4所示的四种不同情况："
"400","af2","构件i呈现脆性，构件j呈现塑性后系统S1b1失效；"
"401","af2","构件i呈现塑性，构件j呈现脆性后系统S1b2失效；"
"402","af2","构件i与构件j均呈现脆性后系统S2b失效；"
"403","af2","构件i与构件j均呈现塑性后系统Sd失效。"
"404","",""
"405","af0","图2.4系统中含两个潜在脆性破坏构件的失效情况分析图"
"406","af0","(左图为串联系统，右图为并联系统)"
"407","","Figure 2.4 Failure analysis diagram of a system containing two component prone to potential brittle fracture(The left diagram shows a series system, and the right diagram shows a parallel system.)"
"408","",""
"409","","图2.4中S1b1与S1b2表示在系统中一个潜在脆性破坏构件呈现脆性状态，但另一个潜在脆性破坏构件呈现脆性状态的情况。其中，S1b1中构件i呈现脆性状态，S1b2中构件j呈现脆性状态。S2b表示两个潜在脆性破坏构件均呈现脆性状态的情况。同理，Sd表示所有构件均呈现塑性状态的情况。因此，系统S的失效概率可表示为："
"410","MTDisplayEquation",""
"411","","式中：为构件i为脆性状态的概率；为构件j为塑性状态的概率；为系统S中潜在脆性破坏构件i为脆性状态，构件j为塑性状态情况下的失效概率；为构件i为塑性状态的概率；为构件j为脆性状态的概率；为系统S中潜在脆性破坏构件j为脆性状态，构件i为塑性状态情况下的失效概率。为系统S中两个潜在脆性破坏构件均为脆性状态情况下的失效概率；为系统S中所有构件均为塑性状态情况下的失效概率。"
"412","","同理，为了计算潜在脆性破坏构件i的重要性程度，需要计算系统的失效概率。在本节中，因为系统S含有两个编号为i和j的潜在脆性破坏构件，所以系统中只含有一个潜在脆性破坏构件，即构件j。因此，其失效情况可分为如图2.5所示的两种不同情况："
"413","af2","①构件j呈现脆性后系统失效;"
"414","af2","②构件j呈现塑性时系统失效。"
"415","",""
"416","af0","图2.5不含构件i的系统失效情况分析图(左图为串联系统，右图为并联系统)"
"417","","Figure 2.5 Diagram of system failure without component i"
"418","","(The left diagram shows a series system, and the right diagram shows a parallel system.)"
"419","",""
"420","","在图2.5中，根据潜在脆性破坏构件j的呈现状态不同，系统可分为和两种情况。其中系统中构件j为脆性状态，系统中构件j为塑性状态。因此，系统的失效概率可表示为"
"421","MTDisplayEquation",""
"422","","式中：为构件j为脆性状态的概率；为系统中构件j为脆性状态情况下的失效概率；为构件j为塑性状态的概率；为系统中构件j为塑性状态情况下的失效概率。"
"423","3","当含n1个潜在脆性破坏构件时"
"424","","同样，考虑由n个构件组成的系统S，且含有n1个潜在脆性破坏构件，其中n和n1表示构件数量，不代表构件在系统中的编号。假设潜在脆性破坏构件在系统中的编号分别为i、j、k…p、q、r。每一个潜在脆性破坏构件可能呈现脆性和塑性两种状态，且其呈现脆性状态和塑性状态是相互独立的，故含有n1个潜在脆性破坏构件的系统S的失效情况共计2n1种。因此，含n1个潜在脆性破坏构件的系统S的失效概率可表示为"
"425","MTDisplayEquation",""
"426","","式中：A表示潜在脆性破坏构件i、j、k…p、q、r的集合；m是该集合中的一个元素；表示构件i为脆性状态的概率；表示构件i，j同时为脆性状态的概率；以此类推，表示构件i、j、k…p、q、r同时为脆性状态的概率。表示编号为m的潜在脆性破坏构件为塑性状态的概率。表示系统S中含一个潜在脆性破坏构件i，且其为脆性状态时的失效概率；S1中的1表示有1个潜在脆性破坏构件为塑性状态，b1中的1对应潜在脆性破坏构件i为塑性状态时的情况。表示系统S中含一个潜在脆性破坏构件j，且其为脆性状态时的失效概率；S1中的1表示有1个潜在脆性破坏构件为塑性状态，b2中的2对应潜在脆性破坏构件j为塑性状态时的情况。以此类推表示系统S中有n1-1个潜在脆性破坏构件，分别为构件i、j、k…p、q，且其为脆性状态时的失效概率；S(n1-1)中(n1-1)表示有(n1-1)个潜在脆性破坏构件，且同时为脆性状态，中对应i、j、k…p、q构件均为脆性状态。"
"427","","同理，由RAW本质可知，为计算潜在脆性破坏构件i的重要性程度，需要计算系统的失效概率。在本节中，系统S中有n1个潜在脆性破坏构件，则系统中有(n1-1)个潜在脆性破坏构件，每一个潜在脆性破坏构件均可能呈现塑性或脆性两种状态，其呈现脆性和塑性是相互独立的。所以，系统的失效情况有2n1-1种，其失效概率如公式2.5所示。"
"428","MTDisplayEquation",""
"429","","式中：A表示潜在脆性破坏构件i、j、k…p、q、r的集合，m是该集合中的一个元素。表示构件j为脆性状态的概率。表示编号为m的潜在脆性破坏构件为塑性状态时的概率。表示不含构件i的系统中构件j为脆性状态下的失效概率，其中(i)表示不含构件i。以此类推，表示不含构件i的系统中构件j、k…p、q、r均表现为脆性状态时的失效概率。"
"430","2","影响重要性程度参数的对比分析"
"431","","影响系统中构件重要性的参数有很多，如构件之间的相关性、构件的可靠度指标、构件个数等。本章节分别研究上述参数在串联系统中和并联系统中对潜在脆性破坏构件重要性程度的影响规律。"
"432","3","串联系统中单参数影响下重要性程度分析"
"433","","在串联系统中，由于需要计算的数据量较大以及需要考虑多个参数的影响，较难得到一个精准的失效概率值，因此本文采用更高效的松弛线性规划法(relaxed linear programming，RLP)来计算系统的失效概率边界，即计算出失效概率的上界与下界。因此，潜在脆性破坏构件的重要性程度存在上界与下界，分别用RAWi上界和RAWi下界表示。同时，为了更直观地表现出潜在脆性破坏构件的重要性程度变化规律，采用RAWi平均值表示潜在脆性破坏构件的重要性程度，如公式2.6所示。"
"434","MTDisplayEquation",""
"435","aa","相关系数"
"436","","本节研究在不同相关系数下，潜在脆性破坏构件的重要性程度变化规律。假设在串联系统中构件总数量n=8，潜在脆性构件数量n1=1，可靠度指标β=3.0，脆性发生概率Pbi=0.2，当相关系数分别为0.1、0.3、0.5、0.7、0.9时，相关系数与重要性程度的关系如图2.6所示。"
"437","",""
"438","af0",""
"439","af0","图2.6相关系数与重要性程度关系曲线图(串联系统)"
"440","","Figure 2.6 Graph of the relationship between correlation coefficient and degree of importance(series system)"
"441","",""
"442","","从图2.6可以看出，RAWi的上下界增幅程度存在一定的差距，其中，RAWi下界的增幅程度要大于RAWi上界的增幅程度。而采用公式2.6所示的RAWi平均值则可以很好地代替RAWi上下界的本质规律，即在串联系统中，当构件总数、可靠度指标、潜在脆性破坏构件个数等参数相同的情况下，潜在脆性破坏构件的重要性程度随着相关系数的增加而增加。"
"443","aa","构件总数量"
"444","","本节研究在串联系统中不同构件总数下，潜在脆性破坏构件的重要性程度的变化规律。假设系统中潜在脆性破坏构件个数n1=1，可靠度指标β=3.0，相关系数ρ=0.1，脆性发生概率Pbi=0.2，不同构件总数下潜在脆性构件的重要性程度的变化规律如图2.7所示。"
"445","",""
"446","",""
"447","af0",""
"448","af0","图2.7相关系数与重要性程度关系曲线图(串联系统)"
"449","","Figure 2.7 Graph of the relationship between correlation coefficient and degree of importance(series system)"
"450","",""
"451","","从图2.7中可以看出，RAWi上界和RAWi下界的增幅程度差距较小，甚至部分重合。显然采用公式2.6所示的RAWi平均值也可以直观的看出RAWi上下界的规律，即在串联系统中，潜在脆性破坏构件数量、可靠度指标、相关系数等参数相同的情况下，潜在脆性破坏构件的重要性程度随着构件总数量的增加而增加。"
"452","aa","可靠度指标"
"453","","本节研究可靠度指标对潜在脆性破坏构件的重要性程度的影响规律。假设在串联系统中构件总数量n=10，潜在脆性构件数量n1=1，相关系数ρ=0.1，脆性发生概率Pbi=0.2，可靠度指标不同的情况下潜在脆性破坏构件的重要性程度变化规律如图2.8所示。"
"454","",""
"455","af0","图2.8可靠度指标与重要性程度关系曲线图(串联系统)"
"456","","Figure 2.8 Graph of the relationship between reliability index and degree of importance(series system)"
"457","",""
"458","","从图2.8同样可以看出，RAWi上界和RAWi下界的增幅程度差距较小，并且部分重合。显然采用公式2.6所示的RAWi平均值可以更直观看出在RAWi上下界的规律，即在串联系统中，构件总数量、相关系数、潜在脆性破坏构件数量等参数一定的情况下，随着可靠度指标的升高，潜在脆性破坏构件的重要性程度在不断降低。"
"459","aa","潜在脆性破坏构件数量"
"460","","本节研究在构件总数量、相关系数、可靠度指标等参数一定的情况下，潜在脆性破坏构件数量对重要性程度的影响规律。假设在静定钢结构中构件总数量n=8，每个构件的可靠度指标β=3.0，构件之间的相关系数ρ=0.1，脆性发生概率Pbi=0.2，潜在脆性破坏构件的重要性程度随着潜在脆性破坏构件数量的变化规律如图2.9所示。"
"461","21",""
"462","af0","图2.9潜在脆性破坏构件数量与重要性程度关系曲线图(串联系统)"
"463","af2","Figure 2.9 Graph of the relationship between number of potential brittle failure components and degree of importance(series system)"
"464","","由图2.9可以看出，RAWi上界和RAWi下界的增幅程度差距非常小，甚至完全重合，显然采用公式（7）所示的RAWi平均值可以很好地反映出RAWi上下界的规律。即在构件总数量、相关系数、可靠度指标等参数相同的情况下，潜在脆性破坏构件的重要性程度随着潜在脆性破坏构件数量的增加而增加。"
"465","3","串联系统中多参数影响下重要性程度分析"
"466","","上文研究了在单参数影响下，潜在脆性破坏构件的重要性程度的变化规律，然而，在静定钢结构系统中，潜在脆性破坏构件的重要性程度不仅受单个参数的影响，而且也受多个参数共同的影响。因此，本节研究在相关系数、构件总数量等参数的共同影响下，潜在脆性破坏构件重要性程度的变化规律。因为在单参数中已经证明了采用公式2.6所示的RAWi平均值更适合表示RAWi上下界的规律，所以本节中均采用RAWi平均值表示潜在脆性破坏构件的重要性程度。"
"467","","（1）相关系数和潜在脆性破坏构件数量"
"468","","本节研究在构件总数量、可靠度指标、脆性发生概率不变的情况下，构件之间的相关系数和潜在脆性破坏构件数量对重要性程度的影响。假设在静定钢结构中，构件总数量n=8，可靠度指标β=3.0，脆性发生概率Pbi=0.2。当潜在脆性破坏构件数量n1分别为1、2、3时，潜在脆性破坏构件的重要性程度随着相关系数ρ的变化规律如图2.10所示。"
"469","",""
"470","af0","图2.10相关系数及潜在脆性破坏构件数量与重要性程度关系三维图（串联系统）"
"471","af2","Figure 2.10Three-Dimensional graph of the relationship between correlation index, number of components with potential brittle fracture, and degree of importance(series system)"
"472","af2",""
"473","","从图2.10中不难发现，在构件总数量、可靠度指标等参数相同的情况下，RAWi平均值随着构件之间的相关系数与潜在脆性破坏构件数量的增加而增加，即潜在脆性破坏构件的重要性程度在不断提高。"
"474","","（2）构件总数量和潜在脆性破坏构件数量"
"475","","本节研究在相关系数、可靠度指标、脆性发生概率等参数不变的情况下，构件总数量和潜在脆性破坏构件数量对潜在脆性破坏构件的重要性程度的影响。假设在静定钢结构中，构件之间的相关系数ρ=0.3，每个构件的可靠度指标β=3.0，脆性发生概率Pbi=0.2。潜在脆性破坏构件的重要性程度随着构件总数量及构件之间的相关系数变化规律如图2.11所示。"
"476","",""
"477","af0","图2.11潜在脆性破坏构件数量及构件总数量与重要性程度关系三维图（串联系统）"
"478","af2","Figure 2.11Three-Dimensional graph of the relationship between number of components with potential brittle fracture, total of components,and degree of importance(series system)"
"479","",""
"480","","从图2.11中不难发现，在相关系数和可靠度指标等参数相同的情况下，RAWi平均值随着构件总数量及潜在脆性破坏构件数量的增加而增加，即潜在脆性破坏构件的重要性程度在不断提高。"
"481","","（3）构件总数量及相关系数"
"482","","本节研究在潜在脆性破坏构件数量、可靠度指标，脆性发生概率等参数不变的情况下，构件之间的相关系数和构件总数量对潜在脆性破坏构件重要性程度的影响。假设在静定钢结构中，潜在脆性破坏构件数量n1=1，每个构件的可靠度指标β=3.0，脆性发生概率Pbi=0.2。潜在脆性破坏构件重要性程度随着不同构件总数量和不同相关系数的变化规律如图2.12所示。"
"483","",""
"484","af0",""
"485","af0","图2.12构件总数量及相关系数与重要性程度关系三维图（串联系统）"
"486","af2","Figure 2.12Three-Dimensional graph of the relationship between total of components, correlation index, and degree of importance(series system)"
"487","",""
"488","","从图2.12中不难发现，在潜在脆性破坏构件数量和可靠度指标等参数不变的情况下，RAWi平均值随着相关系数和构件总数量的升高而升高，即潜在脆性破坏构件的重要性程度也在不断提高。"
"489","3","并联系统中单参数影响下重要性程度分析"
"490","","上文研究了在串联系统中单参数影响下，潜在脆性破坏构件的重要性程度的变化规律。下面将研究并联系统中单个参数对潜在脆性破坏构件的重要性程度的影响。由于并联系统的失效概率普遍较小，用松弛线性规划法(RLP)计算后发现潜在脆性破坏构件的重要性变化较小，且会有些许波动，所以本节将采用更为精确但较为低效的蒙特卡洛算法(MC)[52]对系统失效概率进行计算，进而总结出在并联系统中单个参数对潜在脆性破坏构件的重要性影响规律。"
"491","aa","相关系数"
"492","","本节研究在并联系统中，构件总数、可靠度指标、脆性发生概率和潜在脆性破坏构件个数不变的情况下，构件之间的相关系数对潜在脆性破坏构件重要性程度的影响规律。假设在系统中构件总数n=9，可靠度指标β=2.0，潜在脆性破坏构件个数n1=1，脆性发生概率Pbi=0.05时潜在脆性破坏构件的重要性程度随着相关系数ρ的变化规律如图2.13所示。"
"493","",""
"494","af0","图2.13相关系数与重要性程度关系曲线图(并联系统)"
"495","af2","Figure 2.13 Graph of the relationship between correlation coefficient and degree of"
"496","af2","importance (parallel system)"
"497","af2",""
"498","","从图2.13中不难发现，在构件总数、可靠度指标、潜在脆性破坏构件个数等参数相同的情况下，RAWi随着构件之间的相关系数增加而降低，说明在并联系统中，其余参数不变的情况下，潜在脆性破坏构件的重要性程度与构件之间相关系数成反比关系。"
"499","aa","构件总数量"
"500","","本节研究在并联系统中当相关系数、可靠度指标、潜在脆性破坏构件个数以及脆性发生概率等参数不变的情况下，构件总数对潜在脆性破坏构件的重要性程度的影响。假设在并联系统中，构件之间的相关系数ρ=0.7，每个构件的可靠度指标β=2.0，脆性发生概率Pbi=0.05，潜在脆性破坏构件个数n1=1。潜在脆性破坏构件的重要性程度随着构件总数变化规律如图2.14所示。由于需要计算的数据较多，容易出现误差，因此下面将以构件总数为11到15为一组，计算该组RAWi的平均值，以此类推。从而更直观明显的表现出构件总数对潜在脆性破坏构件的影响规律。"
"501","",""
"502","af0","图2.14构件总数与重要性程度关系曲线图(并联系统)"
"503","af2","Figure 2.14 Graph of the relationship between total number of components and degree of"
"504","af2","importance (parallel system)"
"505","",""
"506","","从图2.14中不难发现，在并联系统中，当相关系数、可靠度指标和潜在脆性破坏构件个数等参数相同的情况下，潜在脆性破坏构件的重要性程度是随着构件总数的增加而降低的。"
"507","aa","可靠度指标"
"508","","本节研究在潜在脆性破坏构件个数、脆性发生概率、构件总数和相关系数等参数不变的情况下，可靠度指标对潜在脆性破坏构件重要性程度的影响。假设在并联系统中，构件总数n=10，潜在脆性破坏构件个数n1=1，每个构件的相关系数ρ=0.5，脆性发生概率Pbi=0.05。潜在脆性破坏构件重要性程度随着可靠度指标的变化规律如图2.15所示。"
"509","",""
"510","af0","图2.15可靠度指标与重要性程度关系曲线图(并联系统)"
"511","af2","Figure 2.15 Graph of the relationship between reliability index and degree of importance (parallel system)"
"512","af2",""
"513","","从图2.15中不难发现，在并联系统中，当构件总数、潜在脆性破坏构件个数和相关系数等参数不变的情况下，RAWi随着可靠度指标的升高而降低，即潜在脆性破坏构件的重要性程度也在不断降低。"
"514","2","实例分析"
"515","3","桁架钢结构分析"
"516","","假设一个构件总数量n=11的静定桁架结构，如图2.16所示。因为该静定桁架结构由相邻的四根杆件构成的基本单元组成，所以本文以相邻的四根杆件构成的基本单元为单位计算其重要性程度。如图2.16中所示，构件1、构件3、构件4、构件5为一组基本单元；构件8、构件9、构件10、构件11为一组基本单元。本节选取构件8、构件9、构件10、构件11这组基本单元进行研究。假设构件11为潜在脆性破坏构件，其脆性发生概率为0.05，其余构件均呈现塑性，可靠度指标见表2.1。当每个构件的相关系数ρ均为0.1时，在外部荷载值F为100kN的情况下，其内力分布如图2.17所示。而不含该组构件后的静定桁架结构如图2.18所示，当外部荷载值F仍为100kN时，其内力分布如图15所示。"
"517","",""
"518","af0","图2.16构件总数量n=11的静定桁架结构图"
"519","af2","Figure 2.16Diagram of a statically determinate truss structure with a total of n=11 members"
"520","",""
"521","",""
"522","af0","图2.17构件总数量n=11的静定桁架结构内力分布图"
"523","af2","Figure 2.17Internal force distribution diagram of a statically determinate truss structure with a totalofn=11 members"
"524","",""
"525","",""
"526","af0","图2.18构件总数量n=7的静定桁架结构图"
"527","af2","Figure 2.18Diagram of a statically determinate truss structure with a total of n=7members"
"528","",""
"529","",""
"530","af0","图2.19构件总数量n=11静定桁架结构内力分布图"
"531","af2","Figure 2.19Internal force distribution diagram of a statically determinate truss structure with a totalofn=7 members"
"532","af2",""
"533","af7","表2.1各个构件的可靠度指标"
"534","af2","Table2.1 Reliability indices of individual components"
"535","af2","构件编号"
"536","af2","构件状态"
"537","af2","可靠度指标"
"538","af2","1~10"
"539","af2","塑性"
"540","af2","3.56"
"541","af2","11"
"542","af2","塑性"
"543","af2","3.56"
"544","af2",""
"545","af2","脆性"
"546","af2","3.36"
"547","af2",""
"548","","基于这些条件与数据，采用松弛线性规划法(RLP)计算出含有构件8、构件9、构件10、构件11系统的失效概率PS为0.00204~0.00204；而不含构件8、构件9、构件10、构件11的系统的失效概率为0.0013~0.0013。由于在该系统里相关系数数值较小，仅为0.1，即构件间近乎于相互独立，所以计算得出的系统失效概率非常接近，此时该组构件的重要性程度RAW为0.6387。"
"549","","在以构件8、构件9、构件10、构件11为基本单元的情况下，图2.20到图2.23为在不同参数影响下，该组构件的重要性程度变化规律。从图2.20、图2.21和图2.23可以看出，在其余参数不变的情况下，该基本单元的重要性程度随着构件之间的相关系数、构件总数量和潜在脆性破坏构件数量的增加而增加。同理，从图2.22可以发现，在其余参数不变的情况下，该基本单元的重要性程度随着每个构件的可靠度指标的增加而降低。"
"550","",""
"551","af0","图2.20钢桁架结构的相关系数与重要性程度关系曲线图"
"552","af2","Figure 2.20Graph of the relationship between correlation coefficient and importance degree for steel truss structures"
"553","",""
"554","",""
"555","af0","图2.21钢桁架结构的构件总数量与重要性程度关系曲线图"
"556","af2","Figure 2.21Graph of the relationship between total number of components and importance degree for steel truss structures"
"557","",""
"558","",""
"559","af0","图2.22钢桁架结构的可靠度指标与重要性程度关系曲线图"
"560","af2","Figure 2.22 Graph of the relationship between reliability index and importance degree for steel truss structures"
"561","",""
"562","",""
"563","af0","图2.23钢桁架结构的潜在脆性破坏构件数量与重要性程度关系曲线图"
"564","af2","Figure 2.23Graph of the relationship between number of potential brittle failure components and importance degree for steel truss structures"
"565","af2",""
"566","3","清水塘大桥钢桁架实例分析"
"567","","本章节选取清水塘大桥中部分钢桁架进行重要性程度研究。图2.24为清水塘大桥的立面图，图2.24中框选部分即为研究的钢桁架部分，图2.25为框选部分钢桁架的分布图示意图，图中数字为桁架编号。"
"568","",""
"569","af0","图2.24清水塘大桥立面图"
"570","af2","Figure 2.24Qingshuitang Bridge elevation drawing"
"571","",""
"572","",""
"573","af0","图2.25部分钢桁架分布图"
"574","af2","Figure 2.25Partial steeltruss layout diagram"
"575","",""
"576","","本节同样选取相邻四根杆件作为基本单元进行研究，如构件1、构件2、构件3和构件4为一组基本单元，构件5、构件6、构件7和构件8为一组基本单元，以此类推。其中构件6为潜在脆性破坏构件，其脆性发生概率为0.05，其余构件均为塑性构件。以下将选取构件5、构件6、构件7和构件8这组基本单元进行重要性程度研究。其中每根构件的可靠度指标可见表2.2。"
"577","af2",""
"578","af7","表 2.2清水塘大桥部分钢桁架的可靠度指标"
"579","af2","Table 2.2 Reliability index of partial steeltruss in Qingshuitangbridge"
"580","af2","构件编号"
"581","af2","构件状态"
"582","af2","可靠度指标"
"583","af2","1~5"
"584","af2","塑性"
"585","af2","3.24"
"586","af2","6"
"587","af2","塑性"
"588","af2","3.24"
"589","af2",""
"590","af2","脆性"
"591","af2","3.04"
"592","af2","7~33"
"593","af2","塑性"
"594","af2","3.24"
"595","",""
"596","","基于以上条件与数据，运用松弛线性规划法(RLP)可计算出含有构件5、构件6、构件7、构件8时整个系统的失效概率PS为0.01917~0.01919；而不含构件5、构件6、构件7、构件8时整个系统的失效概率为0.01689~0.01690。因此以构件5、构件6、构件7、构件8组成的基本单元的重要性程度RAW为0.88056~0.88084。"
"597","3","单股光面钢丝绳"
"598","","如图2.26是由7根钢丝组成的单股光面钢丝绳，公称直径为12mm，由规范可知其公称抗拉强度为1870MPa，最小破断拉力为145kN，屈强比为85%[53][54]。其中钢丝2为潜在脆性破坏构件，脆性发生概率为0.05，我们将该钢丝绳作为并联系统对钢丝2的重要性程度进行分析。每根钢丝之间的相关系数为0.9。"
"599","",""
"600","af0","图2.26单股光面钢丝绳(右图为钢丝绳截面)"
"601","af2","Figure 2.26Single-strand smooth steel wire rope (right figure shows the cross-section view)"
"602","af2",""
"603","","由于在加载过程中，中丝与整根钢丝的应变是相同的，所以在施加最小破断拉力145kN时，中丝的应力为1870MPa，受到的荷载为23.499kN,此即为中丝的结构抗力。剩下的荷载将由其余侧丝承担，每根侧丝受力为20.25kN，故侧丝的结构抗力为20.25kN。"
"604","","当施加105kN的拉力时，此时中丝已达到屈服状态，而侧丝仍未达到屈服状态[55]。因为屈强比为85%，所以中丝受到的荷载为19.974kN。则侧丝受到的荷载为14.171kN。每根钢丝的可靠度指标见表2.3。"
"605","af2",""
"606","af7","表 2.3未移除钢丝2时每根钢丝的可靠度指标"
"607","af2","Table 2.3 Reliability index of each steel wire without removal of wire 2"
"608","af2","钢丝编号"
"609","af2","结构抗力均值(kN)"
"610","af2","方差"
"611","af2","外部荷载(kN)"
"612","af2","可靠度指标"
"613","af2","1"
"614","af2","23.499"
"615","af2","1.277"
"616","af2","19.974"
"617","af2","2.76"
"618","af2","2(塑性)"
"619","af2","20.250"
"620","af2","2.218"
"621","af2","14.171"
"622","af2","2.74"
"623","af2","2(脆性)"
"624","af2","18.521"
"625","af2","2.175"
"626","af2","14.171"
"627","af2","2.0"
"628","af2","3~7"
"629","af2","20.250"
"630","af2","2.218"
"631","af2","14.171"
"632","af2","2.74"
"633","af2",""
"634","","当移除钢丝2后，总荷载不变。中丝由于达到了屈服状态，所以无法继续承担荷载，所以中丝承担的荷载仍为19.974kN。剩下的荷载将由其余5根侧丝承担，每根侧丝承担的荷载为17.005。此时每根钢丝的可靠度指标见表2.4。"
"635","af2",""
"636","af7","表2.4 移除钢丝2时每根钢丝的可靠度指标"
"637","af2","Table 2.4 Reliability index of each steel wire after removal of wire 2"
"638","af2","钢丝编号"
"639","af2","结构抗力均值(kN)"
"640","af2","方差"
"641","af2","外部荷载(kN)"
"642","af2","可靠度指标"
"643","af2","1"
"644","af2","23.499"
"645","af2","1.277"
"646","af2","19.974"
"647","af2","2.76"
"648","af2","3~7"
"649","af2","20.250"
"650","af2","2.218"
"651","af2","17.005"
"652","af2","1.46"
"653","af2",""
"654","","根据以上条件与数据，采用蒙特卡洛算法(MC)可计算出当钢丝2为潜在脆性破坏构件时钢丝绳的失效概率为0.000544，而钢丝2为塑性构件时钢丝绳的失效概率为0.000541。当移除钢丝2时钢丝绳的失效概率为0.002854。故钢丝2为潜在脆性破坏构件时其重要性程度RAW为5.247442，为塑性构件时其重要性程度RAW为5.271129。说明钢丝2为潜在脆性破坏构件时的重要性是要低于钢丝2为塑性构件时的重要性。"
"655","2","本章小结"
"656","af2","本章针对钢结构中潜在脆性破坏构件的重要性展开研究，提出潜在脆性破坏构件重要性程度的分析方法，并研究构件总数量、相关系数、潜在脆性破坏构件的数量、可靠度指标等参数对潜在脆性破坏构件重要性程度的影响。然后将该方法成功运用于工程实例中，结合工程实例得出以下结论："
"657","af2","在串联系统中，潜在脆性破坏构件重要性程度与相关系数、构件总数等参数成正相关的关系，与可靠度指标成负相关的关系。"
"658","af2","在并联系统中潜在脆性破坏构件的重要性程度与相关系数、构件总数可靠度指标等参数均成负相关的关系。"
"659","",""
"660","",""
"661","",""
"662","",""
"663","1","并联钢结构中潜在脆性失效构件重要性评估方法研究"
"664","","构件作为结构中最小的组成部分，其基本功能是连接和支撑结构，从而保证整个结构的正常运作。不同的结构对构件有不同的要求，选择正确和合适的构件，可以提高结构的稳定性、安全性和耐久性。其中，并联钢结构由于承载能力强、冗余程度高、施工方便等因素，被大量应用于工业厂房、高层建筑、大跨度桥梁等工程结构中。钢材作为一种常用的建筑材料，由于其强度高、韧性强、造价低的特点，被作为典型的塑性材料广泛地使用于各类钢结构中[56][57]。然而，由于钢材在生产和加工工艺的原因，使其存在裂纹等缺陷，当相对裂纹长度达到一定程度时，会使钢材呈现脆性性能。而钢材呈现脆性性能时，其临界裂纹尺寸要远小于其呈现塑性性能的时候。例如，对于含裂纹的Q235钢，当其相对裂纹长度>0.349时，将呈现脆性性能[58]。在工作应力的作用下，当其裂纹尺寸扩展到临界尺寸2.5mm时，钢材将会迅速发生脆性失效，从而导致其并不能很好的展现钢材的塑性性能[59][62]。由于钢材的脆性失效具有不确定性以及突发性，因此，为更好地发挥钢材的塑性性能，防止其在并联结构中发生脆性失效而导致严重后果，需要对结构中的潜在脆性失效构件的重要性进行评估。"
"665","","构件的重要性主要是指构件在该结构中的重要性程度，即重要性程度越高的构件，其失效或破坏一般会对结构的整体安全性产生较大的影响，从而导致结构失效概率产生较大的增加。同时，结构中构件的重要性程度也反应了结构受到多余约束的程度，这一点在并联系统中尤为重要[63]。国内外有很多对构件重要性程度的研究，其中最为常见的有经验判定法和层次分析法等主观定性分析法,该类方法通过专家的工程经验进行主观上的判断，也带来了一定的主观性和不确定性[64][65]。此外，也有学者提出通过对比结构内的构件失效后，由于结构的抗力降低，导致结构的可靠性的降低程度（或失效概率的增加程度）来衡量构件的重要性程度[66]。同时，学者们提出了风险达成价值（Risk Achievement Worth）、风险降低价值（Risk Reduction Worth）、边界概率（BoundaryProbability）等重要性程度指标，从而更好地衡量构件完全失效时，系统失效概率的增长程度。"
"666","","然而，以上关于构件重要性的研究，均假设构件为塑性失效构件，忽视了钢构件这类典型的塑性失效构件存在裂纹损伤等情况时，也有呈现脆性性能的可能[67][68]。因此，本文针对并联钢结构中潜在脆性失效构件的重要性程度展开研究，提出了评估潜在脆性失效构件重要性程度的方法。通过对比分析在潜在脆性失效构件和塑性失效构件情况下，构件间的相关系数、结构中的构件总数、构件的可靠度指标等参数与风险达成价值重要性程度指标之间的关系。本文不仅明确了潜在脆性失效构件与塑性失效构件的重要性程度的区别，还提出了构件发生脆性失效时的拟合计算公式，从而快速计算和分析构件的重要性程度。最后通过将本文所提方法应用于工程实例清水塘大桥中，验证了该方法的可行性与有效性，为并联钢结构中潜在脆性失效构件重要性程度的评估提供了理论依据。"
"667","2","并联钢结构中构件重要性程度评价"
"668","3","层次分析法衡量构件重要性程度"
"669","","层次分析法通过将复杂问题中的各个因素划分为相互联系的有序层次，使其作为评价和决策的有效手段。假设在一个由三个构件组成的并联系统，这三个构件的编号分别为构件1、构件2、构件3。然后，采用层次分析法中的1-9标度法[69]量化出每个构件的相对重要性程度并建立判断矩阵如表3.1所示。"
"670","11",""
"671","af7","表3.1构件的判断矩阵"
"672","af2","Table 3.1 Judgment matrix of components"
"673","af2",""
"674","af2","构件1"
"675","af2","构件2"
"676","af2","构件3"
"677","af2","构件1"
"678","af2","1"
"679","af2","3"
"680","af2","5"
"681","af2","构件2"
"682","af2","1/3"
"683","af2","1"
"684","af2","3"
"685","af2","构件3"
"686","af2","1/5"
"687","af2","1/3"
"688","af2","1"
"689","",""
"690","","根据层次分析法，通过对每个构件的可靠度等因素可分析判断出构件1的重要性程度稍稍大于构件2；而构件2的重要性程度略微大于构件3；构件1的重要性程度要明显大于构件3的重要性程度。在表1中，数字1代表两构件同等重要。数字3代表前者比后者要稍微重要，例如表中第一行的构件1与第二列的构件2对应的数为3，即代表构件1要比构件3稍微重要。同理，数字5代表前者比后者明显重要，数字1/3代表前者比后者稍微不重要，数字1/5代表前者比后者明显不重要。"
"691","","根据表中的数据信息，计算出每行构件的几何平均数并进行归一化处理。可得构件1的重要性程度为0.637，构件2的重要性程度为0.258，构件3的重要性程度为0.105。"
"692","","由以上我们可以发现，层次分析法虽然可以量化出每个构件的重要性程度，但其在判断构件是否重要的过程中是带着较大的主观性。并且随着构件总数的增加，层次分析法的运算以及对比判断将变得非常复杂。"
"693","3","风险达成价值衡量构件重要性程度"
"694","","为了更加客观地评价构件的重要性程度，本文将利用风险达成价值（缩写为RAW）作为衡量构件的重要性程度的指标。假设一个在由n个构件构成的并联系统S中，任一构件i的风险达成价值可通过计算不含构件i时系统的失效概率与含构件i时系统的失效概率的比值来获得。此时，S表示含构件i时的系统，其构件总数为n；而表示不含构件i时的系统，其构件总数为n-1，如图3.1所示。"
"695","",""
"696","af0","图3.1RAWi的系统变化示意图"
"697","af2","Figure 3.1System Change Diagram of RAWi"
"698","",""
"699","afa","此时，任一构件i的风险达成价值RAWi计算公式为："
"700","MTDisplayEquation",""
"701","ab","式中：为不含构件i的系统的失效概率；为系统S的失效概率。RAWi的大小反映了该构件的重要性程度，RAWi数值越大，说明该构件在并联系统中的重要性程度越高。"
"702","","在一个并联钢结构中，当原本的塑性钢构件可能呈现脆性性能时，本文中将其称为潜在脆性失效构件。此时，由于潜在脆性失效构件的存在，会使整个并联钢结构的失效情况变得更为复杂，并改变其失效概率。为明确潜在脆性失效构件与塑性失效构件在并联钢结构系统中重要性程度的区别，本节将其分为不含潜在脆性失效构件时和含潜在脆性失效构件时两种情况下分别进行分析。"
"703","","（1）当不含潜在脆性失效构件时"
"704","","假设n个塑性失效构件构成的并联钢结构系统S，此时该系统的失效情况为所有塑性失效构件一起发生塑性破坏失效，如图3.2所示。"
"705","",""
"706","af0","图3.2n个构件发生塑性破坏失效的情况示意图"
"707","af2","Figure 3.2Schematic diagram of plastic failure of n components"
"708","",""
"709","","图3.2中符号1d的1表示构件编号，d表示构件呈现塑性性能并发生塑性失效；符号id的i表示构件编号，d表示构件呈现塑性性能并发生塑性失效，其他符号具有相似的含义。符号Sd表示系统S中所有构件均为塑性失效的情况，因此系统S的失效概率可表示为"
"710","MTDisplayEquation",""
"711","","式中：表示系统S中所有构件均为塑性失效时的系统失效概率。由RAW本质可知，为计算塑性失效构件i的重要性程度，需要计算不含构件i的系统的失效概率，其失效情况也只有一种，即(n-1)个塑性失效构件且不含构件i时失效的情况，如图3.3所示"
"712","",""
"713","af0","图3.3n-1个构件发生塑性破坏失效的情况示意图"
"714","af0","Figure 3.3Schematic diagram of plastic failure of n-1 components"
"715","af0",""
"716","","图3中符号中(i)表示系统中不含构件i，因此系统的失效概率可表示为。此时，构件i的风险达成价值RAWi的计算公式可表示为："
"717","MTDisplayEquation",""
"718","","（2）当含有潜在脆性失效构件时"
"719","","假设n个构件构成并联钢结构系统S，且含有编号为i的潜在脆性失效构件。此时，该系统的失效情况示意图，如图3.4所示："
"720","",""
"721","af0","图3.4 1个构件发生脆性破坏的情况示意图"
"722","af0","Figure 3.4 Schematic diagram of brittle failure of one component"
"723","",""
"724","","图4中符号ib的b表示潜在脆性失效构件，即构件i呈现脆性性能并发生脆性失效。符号S1b中的1b表示含1个潜在脆性失效构件，故S1b表示系统中存在一个为潜在脆性失效构件的情况。因此，此时系统的失效概率可表示为"
"725","MTDisplayEquation",""
"726","","式中：为系统中存在一个潜在脆性失效构件时的失效概率。当移除潜在脆性失效构件i后，其余所有塑性失效构件组成系统，其失效情况与图3.3提到的(n-1)个塑性失效构件组成的系统相同，其失效概率也为。此时，潜在脆性失效构件i的风险达成价值RAWi的计算公式可表示为："
"727","MTDisplayEquation",""
"728","","由于并联系统的失效概率普遍较小，为得到更为精准的失效概率值，本节将采用精确度较高的蒙特卡洛算法(MC)对系统失效概率进行计算，进而总结出在并联系统中各个参数对构件重要性程度的影响规律。本文在基于蒙特卡洛算法计算系统的失效概率过程中，如果计算结果在一定的样本数后没有显著变化，则可以认为模拟结果已经收敛。同时，可以采用变异系数V衡量模拟结果是否收敛，当变异系数V达到所需要的精度时，停止计算。变异系数V可用公式(3.6)表示[70]。"
"729","MTDisplayEquation",""
"730","","式中V为系统失效概率的变异系数；Ps为系统的失效概率；N为抽样次数。其中，本文的蒙特卡洛算法(MC)抽样次数达到1×107时，已能满足所需精度要求。"
"731","","相比于单构件的脆性失效，多个构件的脆性失效需要考虑多个构件脆性失效的先后次序，外力的重分配和构件脆性失效后的连锁反应等复杂情况。因此，本文研究的并联钢结构中脆性构件的重要性评估目前仅考虑了单构件的脆性失效，而针对多构件脆性失效也将是本文后续的研究方向和内容。"
"732","2","基于RAW的参数影响对比分析及重要性程度拟合公式"
"733","","影响系统中构件重要性的参数有很多，如构件的可靠度指标、构件个数等。本章节将研究上述参数对潜在脆性失效构件重要性程度的影响规律，并对比其作为塑性失效构件时，这些参数对其重要性程度的影响。"
"734","3","单参数影响下重要性程度分析"
"735","","（1）构件总数"
"736","","本节研究在不同构件总数下，构件i分别为潜在脆性失效构件时和塑性失效构件时的重要性程度变化规律。假设在并联钢结构中可靠度指标β=2.0时，在不同构件总数下构件的重要性程度的变化规律如图3.5所示。"
"737","",""
"738","af0","图3.5构件总数与重要性程度关系曲线图"
"739","af0","Figure 3.5 Graph of the relationship between total number of components and degree of importance"
"740","",""
"741","","从图3.5中可以看出，在相关系数，可靠度指标等参数不变的情况下，构件i为潜在脆性失效构件时，其重要性程度随着构件总数的增加而降低。而构件i为塑性失效构件时，其重要性程度同样随着构件总数的增加而降低。并且，当构件i为潜在脆性失效构件时，随着构件总数的增加，构件i的重要性程度低于其作为塑性失效构件时的重要性程度。"
"742","","（2）可靠度指标"
"743","","本节研究可靠度指标对构件i分别为潜在脆性失效构件时和塑性失效构件时的重要性程度的影响规律。假设在并联钢结构中构件总数n=9时，不同可靠度指标下构件的重要性程度变化规律如图3.6所示。"
"744","",""
"745","",""
"746","af0","图3.6可靠度指标与重要性程度关系曲线图"
"747","af0","Figure 3.6 Graph of the relationship between reliability index and degree of importance"
"748","",""
"749","","从图3.6同样可以看出，在相关系数和构件总数等参数不变的情况下，构架i作为潜在脆性失效构件时，其重要性程度随着可靠度指标的增加而降低；同样构件i作为塑性失效构件时，其重要性程度也随着可靠度指标的提高而降低。并且，当构件i为潜在脆性失效构件时，随着可靠度指标的增加，构件i的重要性程度低于其作为塑性失效构件时的重要性程度。"
"750","3","多参数影响下重要性程度分析"
"751","","本节研究在构件总数和可靠度指标的共同影响下，构件i分别为潜在脆性失效构件时和塑性失效构件时重要性程度的变化规律。当构件i分别作为塑性失效构件和脆性失效构件时，其重要性程度随着构件总数和可靠度指标的变化规律如图3.7和图3.8所示。"
"752","",""
"753","af0","图3.7作为塑性失效构件时的重要性程度关系曲面图"
"754","af0","Figure 3.7Surface diagram of the relationship between the degree of importance of plastic failure component"
"755","",""
"756","",""
"757","",""
"758","af0","图3.8作为潜在脆性失效构件的重要性程度关系曲面图"
"759","af0","Figure 3.8Surface diagram of the relationship between the degree of importance ofpotentialbrittle failure component"
"760","",""
"761","","从图3.7和图3.8不难发现，无论构件i作为塑性失效构件还是潜在脆性失效构件，其重要性程度均随着构件总数及可靠度指标的增加而降低。同时，随着构件总数和可靠度指标的增加，构件i作为潜在脆性失效构件时的重要性程度，小于其作为塑性失效构件时的重要性程度。这是由于只有在系统中所有构件均失效的情况下，并联系统才会失效，所以脆性失效的构件i的重要性程度的降低，并不说明其变得不重要了，而是其他构件分担了其原本的荷载，其变化的大小反而证明了构件i的重要性程度。"
"762","3","潜在脆性失效构件的重要性程度拟合公式"
"763","","在实际工程，往往只计算了构件作为塑性失效构件时的重要性程度，一般不会考虑构件发生脆性失效，而忽视了构件作为脆性失效时的重要性程度。因此，为方便计算潜在脆性失效构件的重要性程度，本文根据构件作为塑性失效构件时的重要性程度、构件总数以及可靠度指标等参数非线性拟合出潜在脆性失效构件的重要性程度公式。"
"764","","（1）拟合公式"
"765","","本节基于可靠度指标和构件总数等参数，分析构件i作为潜在脆性失效构件时和塑性失效构件时的重要性程度的变化规律。并以构件i作为潜在脆性失效构件时的重要性程度和作为塑性失效构件时的重要性程度的比值作为转换因子k，得到了转换因子k的非线性拟合公式，如公式(3.7)所示。"
"766","MTDisplayEquation",""
"767","","式中：β为可靠度指标；n为构件总数；k的取值在0~1之间。由于在工程上的并联钢结构系统中，一般会选用性能相同的钢构件，所以各构件的可靠度指标也较为接近。因此，为了简化计算和较快获得分析结果，此处采用可靠度指标的均值来代替并联钢结构中构件的可靠度指标，从而快速获得转换因子k的数值。图3.9为转换因子k的试验计算值与拟合公式计算值的对比分析图。从图3.9中可知，转换因子k的拟合相关系数R2为0.92204，说明拟合效果较好。"
"768","",""
"769","af0","图3.9转换因子k的对比分析图"
"770","af0","Figure 3.9Comparative analysis of conversion factor k"
"771","",""
"772","","通过将转换因子k代入到构件i作为塑性失效构件时的重要性程度计算中，获得构件i作为潜在脆性失效构件时的重要性程度计算公式，如公式(3.8)所示。"
"773","MTDisplayEquation",""
"774","","式中：b表示呈现脆性性能，发生脆性失效；d表示呈现塑性性能，发生塑性失效；k为转换因子。表示构件i作为潜在脆性失效构件时的重要性程度；表示构件i作为塑性失效构件时的重要性程度。"
"775","","（2）对比分析"
"776","","基于构件i的风险达成价值计算公式(3.1)和拟合公式 (3.8)，可以计算得到不同可靠度指标和不同构件总数下，构件i作为潜在脆性失效构件的拟合公式值。图3.10为潜在脆性失效构件的拟合公式值与试验值的对比分析图。从图3.10不难看出，潜在脆性失效构件的拟合公式值与试验值结果较为接近，拟合公式具有较好的效果。"
"777","",""
"778","",""
"779","af0","图3.10潜在脆性失效构件的拟合公式值与试验值对比分析图"
"780","af0","Figure 3.10Comparison of model-fitted values and experimental data forpotentialbrittle failure components"
"781","",""
"782","",""
"783","af0","图3.11潜在脆性失效构件的拟合公式值与试验值误差分析图"
"784","af0","Figure 3.11Error analysis plot of fitted formula values and experimental values forpotentialbrittle failure components"
"785","af0",""
"786","","图3.11为潜在脆性失效构件的拟合公式值与试验值的误差分析图。从图3.11可以发现，误差值会随着构件总数的增加而增加，但整体仍较为接近，误差较小，其最大误差仅为4.706%。"
"787","2","并联钢结构实例分析"
"788","3","工程概况"
"789","","本节依托株洲清水塘大桥为背景作为工程实例。株洲清水塘大桥为连接北岸清水塘生态新城和南岸栗雨工业园区的城市主干道，大桥北起清雨路和清霞路交叉口，向南跨越湘江后，至明日路口。道路全长2.85km，双向6车道，属城市主干路，设计车速60km/h，其中桥梁段2.175km。清水塘大桥距上游石峰大桥、下游规划湘芸大桥约1.8km，临近上游铜塘湾港区码头。桥位航道等级为Ⅱ(3)级，2000t级航道。清水塘大桥主桥为中承式钢桁架拱桥，跨湘江主桥采用L=100+408+100m的双层钢桁架拱桥，边跨比为1/4。上层桥面宽为31.0m，下层为人非道，宽10.5m。主桁主跨和边跨下弦拱轴线均为二次抛物线，主跨矢高89.914m矢跨比1/4.538。上弦拱轴线主跨采用二次抛物线和边跨圆曲线相切，上弦抛物线控制矢跨比为1/5.038，边跨上弦圆曲线半径为494.348m。图3.12为清水塘大桥立面图。"
"790","",""
"791","af0","图3.12清水塘大桥立面图"
"792","af0","Figure 3.12Qingshuitang Bridge elevation drawing"
"793","",""
"794","3","钢吊索重要性程度分析"
"795","","悬索桥的稳定性很大程度上取决于其结构设计，其中吊索作为重要承重构件，往往直接影响整座桥梁的安全性。清水塘大桥共设有29对吊索(58根) 。吊索采用热挤聚乙烯高强度钢丝制成，钢丝抗拉强度为1770Mpa，弹性模量为2.1×105Mpa。图3.13为清水塘大桥的吊索分布图，图中数字为吊索编号。"
"796","",""
"797","af0","图3.13吊索分布图"
"798","af0","Figure 3.13Sling arrangement diagram"
"799","af0",""
"800","","通过分析不难发现，大桥左侧的29根吊索构成一个由29根钢构件组成的并联钢结构系统。假设，其中2号吊索可能存在脆性失效的情况，而其余吊索均为塑性失效构件。通过对清水塘大桥的吊索进行索力检测，利用吊索的自振频率与索力的关系确定吊索索力，从而获取每根吊索的可靠度指标，最后确定系统的失效概率与构件的重要性程度。表3.2为每根吊索的索力和可靠度指标。"
"801","af7","表3.2吊索索力与吊索的可靠度指标"
"802","af2","Table 3.2 Sling tension and the reliability index of the sling"
"803","","吊索编号"
"804","","吊索索力(kN)"
"805","","可靠度指标"
"806","","1"
"807","","1715"
"808","","3.000"
"809","","2塑性"
"810","","1708"
"811","","3.074"
"812","","2脆性"
"813","","1708"
"814","","2.500"
"815","","3"
"816","","1711"
"817","","3.042"
"818","","4"
"819","","1709"
"820","","3.063"
"821","","5"
"822","","1707"
"823","","3.084"
"824","","6"
"825","","1712"
"826","","3.032"
"827","","7"
"828","","1714"
"829","","3.011"
"830","","8"
"831","","1708"
"832","","3.074"
"833","","9"
"834","","1712"
"835","","3.032"
"836","","10"
"837","","1710"
"838","","3.053"
"839","","11"
"840","","1713"
"841","","3.021"
"842","","12"
"843","","1707"
"844","","3.084"
"845","","13"
"846","","1712"
"847","","3.032"
"848","","14"
"849","","1714"
"850","","3.011"
"851","","15"
"852","","1709"
"853","","3.063"
"854","","16"
"855","","1711"
"856","","3.042"
"857","","17"
"858","","1709"
"859","","3.063"
"860","","18"
"861","","1714"
"862","","3.011"
"863","","19"
"864","","1713"
"865","","3.021"
"866","","20"
"867","","1710"
"868","","3.052"
"869","","21"
"870","","1707"
"871","","3.084"
"872","","22"
"873","","1711"
"874","","3.042"
"875","","23"
"876","","1713"
"877","","3.021"
"878","","24"
"879","","1710"
"880","","3.053"
"881","","25"
"882","","1709"
"883","","3.063"
"884","","26"
"885","","1713"
"886","","3.021"
"887","","27"
"888","","1709"
"889","","3.063"
"890","","28"
"891","","1715"
"892","","3.000"
"893","","29"
"894","","1714"
"895","","3.011"
"896","",""
"897","","利用层次分析法和风险达成价值RAW分别对吊索2的重要性程度进行量化与分析。在利用层次分析法对吊索2的重要性程度进行分析时，由于吊索总数较大且每根吊索的可靠度指标较为相近，因此可将可靠度指标非常接近的吊索视为同等重要，其判断矩阵可见表3.3。"
"898","af7","表 3.3吊索的判断矩阵"
"899","af2","Table 3.3 Judgment matrix of slings"
"900","","吊索编号"
"901","","1、7、11、14、18、19、23、26、28、29"
"902","","3、6、9、10、13、16、20、22、24"
"903","","2、4、5、8、12、15、17、21、25、27"
"904","af6","1、7、11、14、18、19、23、26、28、29"
"905","af6",""
"906","","1"
"907","","1/2"
"908","","1/3"
"909","af6","3、6、9、10、13、16、20、22、24"
"910","af6",""
"911","","2"
"912","","1"
"913","","1/2"
"914","","2、4、5、8、12、15、17、21、25、27"
"915","","3"
"916","","2"
"917","","1"
"918","af6",""
"919","","根据判断矩阵，可计算出当构件2为塑性失效构件时，其重要性程度为0.056；当构件2为潜在脆性失效构件时，其重要性程度为0.018。很显然，层次分析法显示构件2作为塑性失效构件时要比其作为潜在脆性失效构件更重要。然而，由于层次分析法在使用过程中存在较大的主观因素干扰，也可能导致其结果不稳定或误差变大，甚至得出完全错误的结论。"
"920","","在利用风险达成价值对吊索2的重要性程度进行分析时，可以更精确快速地衡量吊索2的重要性程度。根据以上数据和条件，通过蒙特卡洛模拟可计算出吊索2为塑性失效构件时，整个并联系统的失效概率为8.50×10-7；而移除了吊索2后，剩余吊索组成的并联系统的失效概率为1.35×10-6。根据公式(3)可知，当吊索2为塑性失效构件时其重要性程度为1.588。同时，利用本文提出的拟合公式(3.8)，可快速计算出吊索2作为潜在脆性失效构件时的重要性程度的拟合值为1.467。"
"921","","为验证拟合公式的正确性，运用蒙特卡洛模拟可计算出吊索2为潜在脆性失效构件时，整个并联系统的失效概率为9.50×10-7。运用公式(3.5)可计算出当吊索2为潜在脆性失效构件时其重要性程度为1.421；与拟合公式值对比可以发现，两者误差值仅为3.237%。由此可以发现，与层次分析法等带有主观因素影响的方法相比，本文提出的拟合公式更具有客观性；而风险达成价值方法相比，则更快速有效，并在实际工程中具有一定的可行性。"
"922","2","本章小结"
"923","","本文通过引入风险达成价值分析，对并联钢结构中的潜在脆性失效构件的重要性程度展开研究，并进一步分析了相关系数、构件总数、可靠度指标等参数与潜在脆性失效构件重要性程度之间的关系和规律，提出了重要性程度的评估方法。具体结论如下："
"924","","（1）基于风险达成价值RAW，提出了适用于并联钢结构中潜在脆性失效构件的重要性程度分析方法和重要性程度评估方法，进而非线性拟合出适应于潜在脆性失效构件的重要性程度公式。并通过与层次分析法对比分析，验证了本文所提方法的有效性和准确性。"
"925","","（2）在并联钢结构中，其余参数不变的情况下，潜在脆性失效构件的重要性程度与构件总数、可靠度指标等参数成负相关的关系。"
"926","","（3）在并联钢结构中，构件作为潜在脆性失效构件时的重要性程度始终低于其作为塑性失效构件时的重要性程度。"
"927","","最后通过在工程实例清水塘大桥中的应用，不仅证明了本文所提方法的可行性和有效性，也为并联钢结构中潜在脆性失效构件重要性程度的评估提供了理论参考依据。"
"928","",""
"929","",""
"930","",""
"931","1","含潜在脆性钢丝吊索的力学性能试验和有限元分析"
"932","","吊索作为悬索桥中重要的承载和传力结构，其强度性能将会直接影响整座桥的使用安全[71][72]。因此，在材料选择上，吊索往往会选择那些塑性性能好，强度高的钢材[73]。但是，由于钢材的一些自身缺陷和长期暴露在空气中使用而引发锈蚀等问题，将会导致吊索中的部分钢丝塑性性能变差而呈现脆性性能，从而降低吊索的整体强度，甚至发生具有瞬时性和不确定性的脆性破坏或断裂[74][77]。因此，为防止吊索因脆性破坏导致其强度性能不如设计强度的情况发生，需要对含有潜在脆性钢丝吊索的强度性能进行研究。"
"933","","在关于吊索力学性能的研究中，均假设吊索中的钢丝呈现塑性性能，忽视了钢丝可能因为外界因素而呈现脆性性能。因此，本文将含有钢丝呈现脆性性能的吊索称为含有潜在脆性钢丝吊索，并对其力学性能展开研究。通过吊索试验收集吊索的力学性能数据，再借助ANSYS工具建立了含潜在脆性钢丝吊索的有限元模型，研究含潜在脆性钢丝吊索的最大索力，总结分析了潜在脆性钢丝数量以及潜在脆性钢丝所在位置对吊索力学性能的影响规律。并在此基础上，提出了含潜在脆性钢丝吊索力学性能的拟合计算公式。最后，通过将本文提出的拟合计算公式应用于清水塘大桥工程实例中，验证了其准确性和有效性，为含潜在脆性钢丝吊索的力学性能研究提供了理论依据。"
"934","2","试验概况"
"935","","本节将对PES7-1770-187吊索的力学性能展开试验，为有限元模型建立提供数据支撑和理论依据。其中PES意为高强平行钢丝拉索；7代表钢丝直径；1770代表钢丝抗拉强度，单位为兆帕MPa；187代表钢丝根数。"
"936","3","试件选择与试验装置"
"937","","本试验将选择清水塘大桥中编号为D10、D15吊索进行索力测试及拉伸长度测量，这两组吊索的型号为PES7-1770-187。其中D10吊索设计初试长度为64m，D15吊索设计初试长度为71m。吊索实景与所在位置如图4.1所示。索力测量装置选择振动检测分析仪，如图4.2所示，型号为JMM-268，频率精度为0.5%±0.001Hz。吊索长度测量装置选择索佳全站仪，型号为NET05AX。"
"938","",""
"939","af0","图4.1a吊索实景图"
"940","af0","Figure 4.1a Diagram of actual suspenders"
"941","af0",""
"942","",""
"943","af0","图4.1b吊索分布图"
"944","af0","Figure 4.1b Sling arrangement diagram"
"945","",""
"946","",""
"947","af0","图4.2 试验测量装置"
"948","af0","Figure 4.22 Test measurement device"
"949","",""
"950","3","试验内容与结果"
"951","","将振动检测分析仪分别固定在D10、D15号吊索上，收集在环境振动激励下的振动信号，经过滤波、放大和频谱分析，再根据频谱图来确定吊索的自振频率，通过自振频率与吊索力的关系确定D10、D15号的吊索索力。图4.3为索力检测试验现场图。最后使用全站仪直接测量吊索在受力情况下的长度。试验结果如表4.1所示。"
"952","",""
"953","af0","图4.3索力检测现场图"
"954","af0","Figure 4.3 Field diagram of cable force inspection"
"955","af0",""
"956","af7","表4.1 试验结果"
"957","af2","Table 4.1 Test results"
"958","","吊索编号"
"959","","实测频率/Hz"
"960","","吊索索力/kN"
"961","","实测长度/m"
"962","","延伸率/%"
"963","","D10"
"964","","1.589"
"965","","1736"
"966","","64.071"
"967","","0.11"
"968","","D15"
"969","","1.427"
"970","","1765"
"971","","71.132"
"972","","0.18"
"973","",""
"974","2","含潜在脆性钢丝吊索有限元模型"
"975","","当吊索中含有潜在脆性钢丝时，由于潜在脆性钢丝的承载能力和延性较差，在受力初期便会率先断裂失效，此时吊索整体的承载能力将发生变化[78][81]。为明确潜在脆性钢丝对吊索的承载能力的影响，本节将分别建立不含潜在脆性钢丝吊索的有限元模型和含潜在脆性钢丝吊索的有限元模型，对比分析含潜在脆性钢丝吊索最大索力的变化。"
"976","3","不含潜在脆性钢丝吊索有限元模型的建立"
"977","","本文在有限元中建立型号为PES7-1770-187吊索的有限元三维实体模型。基于《斜拉桥用热挤聚乙烯高强度拉索》标准定义材料类型以及相关力学性能参数，该吊索由187根热镀锌铝合金钢丝以4°的扭绞角轻度扭绞而成，每根钢丝的直径为7mm，且每根钢丝均呈现塑性性能，吊索的极限延伸率为2%[82][84]，当吊索达到极限延伸率时，吊索已无法继续正常工作，因此可认为此时的荷载即为吊索的最大索力。该吊索的有限元三维实体模型的长度为150mm，其有限元三维模型和截面图分别如图4.4和图4.5所示。"
"978","",""
"979","af0","图4.4 PES7-1770-187吊索有限元三维模型"
"980","af0","Figure 4.4 Three-dimensional finite element model of the PES7-1770-187 suspenders"
"981","",""
"982","",""
"983","af0","图4.5PES7-1770-187吊索有限元三维模型截面"
"984","af0","Figure 4.5 Cross-section of the three-dimensional finite element model of the PES7-1770-187 suspenders"
"985","",""
"986","","通过将该吊索的有限元三维模型的一端设置为固定约束，另一端施加均布拉应力荷载模拟吊索的实际受力情况。当吊索延伸率达到0.11%与0.18%时，施加荷载分别为1748.537kN和1775.364kN，与上文试验结果相比，误差分别为0.72%和0.59%，误差较小，说明本文建立的有限元建模具有较高的精确性。当吊索模型的延伸率达到极限延伸率2%时，即认为达到了吊索的极限延伸率而停止加载。此时施加的荷载12737.879kN，该荷载即为吊索最大索力，其总变形为3.038mm，截面的应力分布情况如图4.6所示。"
"987","",""
"988","af0","图4.6 PES7-1770-187吊索有限元三维模型应力分布截面"
"989","af0","Figure 4.6 Stress distribution on a cross-section of the three-dimensional finite element model of the PES7-1770-187 suspenders"
"990","",""
"991","","由图4.6可知，在外部荷载达到吊索的最大索力时，吊索截面中应力分布并不是均匀分布的，而是呈现中间应力小，四周应力大的分层形式。这是因为内层钢丝的螺旋角较小，在轴向受拉时，内层钢丝主要受到轴向拉应力的影响。而外层钢丝的螺旋角较大，在受拉时不仅要受到轴向拉应力的影响，还要承受因为弯曲和扭转产生的弯曲应力和扭应力的影响，从而导致应力在截面上出现分层现象。"
"992","3","含潜在脆性钢丝吊索有限元模型的建立"
"993","","假设PES7-1770-187吊索中含有潜在脆性钢丝，为明确潜在脆性钢丝所在位置，并结合前文提到的应力在截面上出现分层现象，本文将该吊索截面的钢丝分为8层并标号，如图4.7所示。"
"994","",""
"995","af0","图4.7 PES7-1770-187吊索截面分层图"
"996","af0","Figure 4.7 Layered cross-section diagram of the PES7-1770-187 suspenders"
"997","",""
"998","","在图4.7中，数字代表层数，1代表第一层，2代表第二层，以此类推，共计8层。每一层的钢丝数量并不相等，而是由其所在层的钢丝数量决定。假设该吊索中含有1根潜在脆性钢丝，所在位置为第二层。假设与不含潜在脆性钢丝吊索有限元模型一致，在含潜在脆性钢丝吊索有限元三维模型的一端设置为固定约束，另一端施加均布拉应力荷载，并当吊索模型的延伸率达到2%时停止加载。此时施加的荷载值为12723.154kN，其吊索截面应力分布图如图4.8所示，图中蓝色部分即为潜在脆性钢丝。"
"999","",""
"1000","af0","图4.8含潜在脆性钢丝吊索有限元三维模型应力分布截面"
"1001","af0","Figure 4.8 Stress distribution on a cross-section of the three-dimensional finite element model for suspenders containing potentialbrittle wires"
"1002","",""
"1003","","从图4.8中可以看出，潜在脆性钢丝上的应力明显小于周围塑性钢丝，这是因为潜在脆性钢丝的延伸率要低于周围的塑性钢丝，在达到极限延伸率时，潜在脆性钢丝已经断裂。因此，由于潜在脆性钢丝的影响，含潜在脆性钢丝吊索的最大索力值也低于不含潜在脆性钢丝吊索的最大索力值。"
"1004","2","影响吊索最大索力参数对比分析"
"1005","","从上文可知，含潜在脆性钢丝吊索的最大索力要低于不含潜在脆性钢丝的吊索的最大索力，而吊索中不同数量的潜在脆性钢丝也将会对吊索的最大索力产生不同的影响。同时由于在极限状态下，吊索截面的应力分布是分层的，因此当潜在脆性钢丝所在的位置不同，含潜在脆性钢丝吊索的最大索力也将不同。本章节将研究潜在脆性钢丝个数和潜在脆性钢丝所在层数对吊索的最大索力的影响规律。"
"1006","3","单参数影响下吊索最大索力分析"
"1007","aa","潜在脆性钢丝数量"
"1008","","本节研究在不同潜在脆性钢丝数量下，PES7-1770-187吊索的最大索力的变化规律。结合前文提到的应力在截面上出现分层现象，考虑到最危险截面原则，当潜在脆性钢丝数量大于1时，本文将潜在脆性钢丝均假设在同一层中进行分析判断。假设潜在脆性钢丝均在吊索第6层或者均在第8层，不同潜在脆性钢丝数量下吊索的最大索力的变化规律图如图4.9所示。"
"1009","",""
"1010","af0","图4.9潜在脆性钢丝数量与吊索最大索力关系曲线图"
"1011","af0","Figure 4.9 Relationship curve between number ofpotentialpotentialbrittle steel wires and ultimate load of the suspenders"
"1012","af0",""
"1013","","从图4.9可以看出，当所有潜在脆性钢丝都在同一层时，随着潜在脆性钢丝数量的增加，吊索的最大索力在不断降低。同时通过对比分析不同层数的含潜在脆性钢丝吊索的最大索力，可以发现潜在脆性钢丝在第6层时吊索的最大索力均大于潜在脆性钢丝在第8层时的最大索力，并且随着潜在脆性钢丝数量的增加，两者之间的差距也在不断增大。"
"1014","","（2）潜在脆性钢丝所在层数"
"1015","","本节研究潜在脆性钢丝所在层数不同时，PES7-1770-187吊索的最大索力的变化规律。假设潜在脆性钢丝数量为2和4时，潜在脆性钢丝所处层数不同时吊索的最大索力的变化规律图如图4.10所示。"
"1016","",""
"1017","",""
"1018","af0","图4.10潜在脆性钢丝所在层数与吊索最大索力关系曲线图"
"1019","af0","Figure 4.10 Relationship curve between layer number of thepotential brittle steel wires and ultimate load of suspenders"
"1020","",""
"1021","","从图4.10可以看出，当潜在脆性钢丝数量不变时时，随着潜在脆性钢丝所处层数的增加，吊索的最大索力在不断降低。同时通过对比分析不同潜在脆性钢丝数量时吊索的最大索力，可以发现潜在脆性钢丝数量为2时吊索的最大索力均大于潜在脆性钢丝数量为4时吊索的最大索力，并且随着潜在脆性钢丝所处层数的增加，两者之间的差距也在不断扩大。"
"1022","3","多参数影响下吊索最大索力分析"
"1023","","上文研究了在单参数影响下，吊索的最大索力的变化规律，然而，在实际情况中，吊索的最大索力不仅受单个参数的影响，而是受到多个参数的共同影响。因此，本节研究在不同潜在脆性钢丝数量和潜在脆性钢丝在不同层数参数共同影响下，PES7-1770-187的最大索力的变化规律，其关系三维图如图4.11所示。"
"1024","",""
"1025","",""
"1026","af0","图4.11潜在脆性钢丝个数及潜在脆性钢丝所在层数与吊索最大索力关系三维图"
"1027","af0","Figure 4.11 Three-Dimensional relationship amongpotentialbrittle wire count, potentialbrittlewire Layer location, and ultimate load of suspenders"
"1028","",""
"1029","","从图4.11不难发现，在其余条件不变的情况下，PES7-1770-187吊索的最大索力随着潜在脆性钢丝数量和潜在脆性钢丝所在层数的增加而降低。当潜在脆性钢丝所在层数越高，随着潜在脆性钢丝数量的增加，吊索的最大索力降低幅度也在不断加大。同时，当潜在脆性钢丝数量越多，随着潜在脆性钢丝所在层数的增加，吊索的最大索力降低幅度也在不断增加。"
"1030","2","含潜在脆性钢丝吊索最大索力拟合公式"
"1031","","在实际工程中，往往只考虑了吊索中均为塑性钢丝时的最大索力，而忽略了吊索中含有潜在脆性钢丝时对吊索最大索力产生的影响。因此，为方便计算含有潜在脆性钢丝的吊索的最大索力，本文根据潜在脆性钢丝数量与潜在脆性钢丝所在层数等参数非线性拟合出含潜在脆性钢丝吊索的最大索力公式。"
"1032","3","拟合公式"
"1033","","本节基于潜在脆性钢丝数量和潜在脆性钢丝所在层数等参数，分析含潜在脆性钢丝吊索和不含潜在脆性钢丝吊索的最大索力的变化规律。并以含潜在脆性钢丝吊索的最大索力与不含潜在脆性钢丝吊索的最大索力的比值作为转换因子λ，得到了转换因子λ的非线性拟合公式，如公式(4.1)所示。"
"1034","MTDisplayEquation",""
"1035","","式中：m为潜在脆性钢丝所在层数；n为潜在脆性钢丝数量；λ的取值范围为0~1。图4.12为转换因子λ的试验计算值与拟合公式计算值的对比分析图。从图4.12中可知，转换因子λ的拟合相关系数R2为0.95717，说明拟合效果良好。"
"1036","",""
"1037","af0","图4.12转换因子λ的对比分析图"
"1038","af0","Figure 4.12Comparative analysis of conversion factor λ"
"1039","",""
"1040","","通过将转换因子λ代入到不含潜在脆性钢丝吊索的最大索力计算中，获得含潜在脆性钢丝吊索的最大索力计算公式，如公式(4.2)所示。"
"1041","MTDisplayEquation",""
"1042","","式中：b表示含有潜在脆性钢丝，Fb即表示含有潜在脆性钢丝吊索的最大索力；λ为转换因子，F表示不含有潜在脆性钢丝吊索的最大索力。"
"1043","3","对比分析"
"1044","","基于拟合公式(4.1)，可以计算出不同潜在脆性钢丝数量和潜在脆性钢丝所处不同层数下，含潜在脆性钢丝的PES7-1770-187吊索的最大索力的拟合公式值。为验证拟合公式的精确性和有效性，本节将含潜在脆性钢丝吊索的拟合公式值与试验值进行误差计算分析，图4.13即为含潜在脆性钢丝吊索的最大索力的拟合公式值与试验值的误差分析图。"
"1045","",""
"1046","af0","图4.13含潜在脆性钢丝吊索最大索力的拟合公式值与试验值误差分析图"
"1047","af0","Figure 10 Error analysis plot of fitted formula values and experimental values for Ultimate load of suspenders with potentialbrittle wires"
"1048","af0",""
"1049","","从图4.13可以看出，随着潜在脆性钢丝数量的增加，含潜在脆性钢丝吊索的拟合公式值与试验值的误差在逐步提高，但整体仍较为接近。当潜在脆性钢丝数量为17根，所处层数为第5层时，含潜在脆性钢丝吊索的拟合公式值与试验值的误差最大，为4.856%。"
"1050","2","含潜在脆性钢丝吊索实例分析"
"1051","3","工程概况"
"1052","","本节依托株洲清水塘大桥作为本研究的工程实例进行分析。株洲清水塘大桥位于株洲市区，是联系湘江北岸清水塘生态新城与南岸栗雨工业园区的重要城市主干道。线路北起清霞路与清雨路交叉口，向南穿越湘江主河道，最终与南岸明日路相接。项目路线全长2.85公里，采用双向六车道，车行道净宽24.5m。桥位上游约1.8公里处为石峰大桥，下游约1.8公里处为规划中的湘芸大桥，同时邻近上游铜塘湾港区作业码头。主桥采用中承式钢桁架拱结构，主桥跨径布置为100米+408米+100米，采用双层桥面设计，边跨与主跨之比为1:4。上层桥面宽31.0米，布置机动车道；下层桥面宽10.5米，设置为行人及非机动车专用通道[85][86]。桥梁现场侧面图见图4.14。通过对桥梁各吊索检测后发现部分吊索存在漏丝和钢丝锈蚀的现象，如图4.15所示。这些缺陷极有可能造成潜在脆性钢丝的存在，从而影响整根吊索的力学性能。故对清水塘大桥中含潜在脆性钢丝吊索的最大索力分析研究是非常有必要的。"
"1053","",""
"1054","af0","图4.14清水塘大桥现场侧面图"
"1055","af0","Figure 4.14Qingshuitang Bridge side view diagram"
"1056","",""
"1057","",""
"1058","af0","图4.15吊索破损图"
"1059","af0","Figure 4.15 Diagram of damaged suspenders"
"1060","af0",""
"1061","3","含潜在脆性钢丝吊索最大索力分析"
"1062","","清水塘大桥共设有29对吊索，每根吊索之间的间距为12m。吊索中钢丝材料采用直径为7mm热镀锌铝钢丝，均呈现塑性性能，弹性模量为2.1×105MPa，抗拉标准强度为1770MPa。全桥共有三种吊索规格，型号分别为PES7-1770-187、PES7-1770-151、PES7-1770-139。本节选择PES7-1770-187型号吊索进行研究，图4.16为该吊索结构示意图。"
"1063","",""
"1064","af0","图4.16吊索结构示意图"
"1065","af0","Figure 4.16 Structural schematic of the suspenders"
"1066","af0",""
"1067","","假设该吊索中含有潜在脆性钢丝，且均在吊索截面第4层。通过有限元分析当PES7-1770-187吊索中含有2根、4根、6根、8根、10根、12根、14根、16根时吊索的最大索力。并将以上参数代入到拟合公式(4.1)中，快速计算出含潜在脆性钢丝吊索的最大索力。图4.17为含潜在脆性钢丝吊索最大索力试验值与拟合公式值对比分析图，图4.18为二者之间的误差分析图。"
"1068","",""
"1069","af0","图4.17清水塘大桥吊索最大索力试验值与拟合公式值对比分析图"
"1070","af0","Figure 4.17 Comparative analysis of experimental values and fitted formula values for the ultimate load of suspenders in the Qingshuitang Bridge"
"1071","af0",""
"1072","af0",""
"1073","af0","图4.18清水塘大桥吊索最大索力试验值与拟合公式值误差分析图"
"1074","af0","Figure 4.18 Error analysis of experimental values and fitted formula values for the ultimate load of suspenders in the Qingshuitang Bridge"
"1075","",""
"1076","","从图4.17中的图像规律可以看出，在其余条件不变的情况下，随着潜在脆性钢丝数量的增加，吊索的最大索力在不断降低。将试验值与拟合公式值进行对比分析，发现吊索的试验值要普遍高于拟合公式值，并且随着潜在脆性钢丝的增加，两者之间的差距在逐渐增大。再结合图4.18不难看出，在其余条件不变的情况下，随着潜在脆性钢丝数量的增加，拟合公式值与试验值的误差是呈现整体上升的趋势，但最大误差未超过2%。通过上述工程实例的分析不难发现，本文提出的拟合公式和试验值之间的实际差距较小，因此，本文提出的拟合公式具有较高的可靠性和精确性。"
"1077","2","本章小结"
"1078","","本文针对含潜在脆性钢丝的吊索力学性能开展了系统性的试验与仿真研究。首先，基于吊索的实际结构特征与材料属性，建立了能够反映潜在脆性钢丝力学行为的有限元模型。在此基础上，设计并开展了一系列拉伸试验，系统考察了潜在脆性钢丝的数量及其空间分布位置对吊索整体力学性能的影响规律。"
"1079","","（1）在其余条件不变的情况下，含潜在脆性钢丝吊索的最大索力与潜在脆性钢丝的数量、潜在脆性钢丝所在层数等参数呈负相关关系。"
"1080","","（2）通过非线性拟合提出了含有潜在脆性钢丝吊索的最大索力计算公式，并通过工程实例分析验证了本文所提拟合公式的准确性和有效性。"
"1081","","（3）当潜在脆性钢丝所在层数越高，随着潜在脆性钢丝数量的增加，吊索的最大索力降低幅度也在不断加大。同时，当潜在脆性钢丝数量越多，随着潜在脆性钢丝所在层数的增加，吊索的最大索力降低幅度也在不断增加。"
"1082","",""
"1083","",""
"1084","",""
"1085","1","结论与展望"
"1086","2","结论"
"1087","af2","本文以潜在脆性破坏构件的重要性程度作为研究对象，分别研究串联系统和并联系统中潜在脆性破坏构件的重要性程度，提出了计算潜在脆性破坏构件重要性程度的计算方法。并分析不同参数如相关系数、构件总数、可靠度指标等对潜在脆性破坏构件的重要性程度影响。同时本文研究并联钢结构中构件作为潜在脆性失效构件时和作为塑性失效构件时的重要性和含潜在脆性钢丝吊索的力学性能，分析不同参数下，构件作为潜在脆性失效构件时和作为塑性失效构件时的重要性程度变化和钢丝吊索的力学性能变化。主要结论如下："
"1088","af2","(1)对于潜在脆性破坏构件的在串联系统中重要性程度"
"1089","","①当构件总数、可靠度指标、潜在脆性破坏构件个数等参数相同的情况下，潜在脆性破坏构件的重要性程度随着相关系数的增加而增加。"
"1090","","②潜在脆性破坏构件数量、可靠度指标、相关系数等参数相同的情况下，潜在脆性破坏构件的重要性程度随着构件总数量的增加而增加。"
"1091","","③构件总数量、相关系数、潜在脆性破坏构件数量等参数一定的情况下，随着可靠度指标的升高，潜在脆性破坏构件的重要性程度在不断降低。"
"1092","","④在构件总数量、相关系数、可靠度指标等参数相同的情况下，潜在脆性破坏构件的重要性程度随着潜在脆性破坏构件数量的增加而增加。"
"1093","","⑤当构件总数量、可靠度指标等参数相同的情况下，潜在脆性破坏构件的重要性程度随着构件之间的相关系数与潜在脆性破坏构件数量的增加而增加。"
"1094","af2","⑥当相关系数和可靠度指标等参数相同的情况下，潜在脆性破坏构件的重要性程度随着构件总数量及潜在脆性破坏构件数量的增加而增加。"
"1095","af2","⑦在潜在脆性破坏构件数量和可靠度指标等参数不变的情况下，潜在脆性破坏构件的重要性程度随着相关系数和构件总数量的升高而升高。"
"1096","af2","(2)对于潜在脆性失效构件的在并联系统中重要性程度"
"1097","","①在相关系数，可靠度指标等参数不变的情况下，构件i为潜在脆性失效构件时，其重要性程度随着构件总数的增加而降低。而构件i为塑性失效构件时，其重要性程度同样随着构件总数的增加而降低。并且，当构件i为潜在脆性失效构件时，随着构件总数的增加，构件i的重要性程度低于其作为塑性失效构件时的重要性程度。"
"1098","af2","②在相关系数和构件总数等参数不变的情况下，构架i作为潜在脆性失效构件时，其重要性程度随着可靠度指标的增加而降低；同样构件i作为塑性失效构件时，其重要性程度也随着可靠度指标的提高而降低。并且，当构件i为潜在脆性失效构件时，随着可靠度指标的增加，构件i的重要性程度低于其作为塑性失效构件时的重要性程度。"
"1099","","③无论构件i作为塑性失效构件还是潜在脆性失效构件，其重要性程度均随着构件总数及可靠度指标的增加而降低。同时，随着构件总数和可靠度指标的增加，构件i作为潜在脆性失效构件时的重要性程度，小于其作为塑性失效构件时的重要性程度。"
"1100","","(3)对于含潜在脆性钢丝吊索的最大索力"
"1101","","①当所有潜在脆性钢丝都在同一层时，随着潜在脆性钢丝数量的增加，吊索的最大索力在不断降低。"
"1102","","②当潜在脆性钢丝数量不变时时，随着潜在脆性钢丝所处层数的增加，吊索的最大索力在不断降低。"
"1103","","③在其余条件不变的情况下，吊索的最大索力随着潜在脆性钢丝数量和潜在脆性钢丝所在层数的增加而降低。当潜在脆性钢丝所在层数越高，随着潜在脆性钢丝数量的增加，吊索的最大索力降低幅度也在不断加大。同时，当潜在脆性钢丝数量越多，随着潜在脆性钢丝所在层数的增加，吊索的最大索力降低幅度也在不断增加。"
"1104","",""
"1105","2","展望"
"1106","","随着研究越来越深入，关于构件重要性程度的研究也越来越多。由于本文考虑的方法较少且在研究的过程中，部分参数考虑的是理想状态下的情况，为使该课题更加全面深入，后续可能需要考虑以下问题。"
"1107","","(1)本文研究潜在脆性构件重要性程度的方法仅考虑了RAW，后续研究可运用更多重要性评估方法进行研究对比。"
"1108","","(2)本文研究了关于潜在脆性构件在串联系统和并联系统中的重要性程度，然而实际工程中混联系统居多，后续可针对潜在脆性构件在混联系统中的重要性程度。"
"1109","","(3)影响构件重要性程度的因素有很多，本文考虑的构件状态认定为理论值，实际工程中每个构件的参数可能会各不相同，后续可以考虑随机变量的影响以及细化每个构件的参数。"
"1110","",""
"1111","",""
"1112","",""
"1113","",""
"1114","",""
"1115","",""
"1116","",""
"1117","1","致谢"
"1118","ds-markdown-paragraph","时光荏苒，又逢一年毕业时节。回首三年时光，我不仅在学术研究上有所精进，更在待人接物中收获成长。在此，谨以最诚挚的心意，向三年来在学习与生活中给予我无私帮助的人们，道一声感谢。"
"1119","ds-markdown-paragraph","首先，衷心感谢我的导师昌毅老师。三年研途，老师倾注大量心力引领我前行。每当我陷入研究困境，老师总能拨云见日，为我指点迷津；每当我因点滴进展而沾沾自喜，老师又总适时提醒我戒骄戒躁、稳步前行。从论文选题到最终成稿，老师始终悉心指导，逐字逐句推敲修改。昌毅老师严谨治学的态度与对学术的热忱，深深感染并激励着我。这份品格我将珍藏于心，也愿在未来的道路上，以此为范，不断修己、成己。"
"1120","ds-markdown-paragraph","其次，感谢邱森贵师兄、马东杰师兄、杨仁镪师兄、朱尚鲜师兄在学习中的帮助，也感谢室友陈伟高、孙仁祥在日常生活中给予我的照顾与陪伴，感谢同级李英豪、杨子健、蒋志豪让这三年的时光明亮而有趣。愿你们前程似锦，学有所成，工作顺遂。"
"1121","ds-markdown-paragraph","最后，深深感谢我的父母。无论顺逆，他们始终是我最坚定的后盾。他们的殷切目光，是我不断向前的力量源泉。祈愿父母身体健康，平安喜乐。"
"1122","ds-markdown-paragraph","行文至此，也想对未来的自己道一声珍重：愿初心不改，步履不停，做热爱之事，走无悔之路。"
"1123","",""
"1124","",""
"1125","",""
"1126","",""
"1127","",""
"1128","",""
"1129","",""
"1130","",""
"1131","",""
"1132","",""
"1133","",""
"1134","",""
"1135","",""
"1136","",""
"1137","",""
"1138","",""
"1139","",""
"1140","",""
"1141","",""
"1142","",""
"1143","1","攻读硕士学位期间取得的科研成果"
"1144","","1.学术论文"
"1145","aa","静定钢结构中潜在脆性破坏构件重要性程度评估方法[J].科学技术与工程.2025.( 已录用)"
"1146","aa","并联钢结构中脆性失效构件重要性评估方法研究[J].塑性工程学报.2025. (已录用)"
"1147","aa","含潜在脆性破坏钢构件的并联钢结构可靠性分析方法研究[J]. 塑性工程学报, 2025"
"1148","aa","基于最远点法Q235含裂纹损伤钢构件屈服强度折减系数法研究 [J].塑性工程学报, 2025"
"1149","","2.科研项目"
"1150","aa","参与国家自然科学基金（批准号：No.52268020)项目，静定钢结构中潜在脆性破坏构件重要性程度评估方法。"
"1151","aa","参与中交第三航务工程局有限公司资助项目（2024-三峡锚建综-027）并联钢结构中脆性失效构件重要性评估方法研究"
"1152","",""
"1153","",""
"1154","",""
"1155","",""
"1156","",""
"1157","",""
"1158","",""
"1159","",""
"1160","",""
"1161","",""
"1162","",""
"1163","",""
"1164","",""
"1165","",""
"1166","",""
"1167","",""
"1168","",""
"1169","",""
"1170","",""
"1171","",""
"1172","",""
"1173","",""
"1174","",""
"1175","",""
"1176","1","参考文献"
"1177","aa","徐匡迪. 中国钢铁工业的发展和技术创新 [J]. 钢铁, 2008, (02): 1-13. DOI:10.13228/j.boyuan.issn0449-749x.2008.02.023."
"1178","aa","孙嘉琪,于秋波. 地震荷载下装配式钢结构的屈曲约束支撑性能研究 [J]. 兵器材料科学与工程, 2026, 49 (01): 119-126. DOI:10.14024/j.cnki.1004-244x.20251204.001."
"1179","aa","王元清,林云,周晖等.高强度钢材及其焊缝脆性断裂与疲劳性能的研究进展[J].建筑钢结构进展,2012,14(05):21-28."
"1180","aa","赵冲,蒋媛媛,黄嘉欢,等. 梁端削弱形式对火灾下钢框架抗连续倒塌性能影响 [J]. 科学技术与工程, 2024, 24 (22): 9520-9528."
"1181","aa","刘梦,孙健巍.建筑结构用高强度钢材力学性能研究[J].中国住宅设施,2023(05):133-135."
"1182","aa","武际可. 埃菲尔和巴黎埃菲尔铁塔 [J]. 力学与实践, 2010, 32 (02): 144-146."
"1183","aa","世界上著名的跨海大桥 [J]. 中外公路, 2004, (02): 88."
"1184","aa","李祎.能量释放率对栓焊钢节点的脆断性能的影响[D].兰州理工大学,2011."
"1185","aa","王元清.钢结构脆性破坏事故分析[J].工业建筑,1998(05):55-58."
"1186","aa","钱骏巍,梁汝鸣,葛序尧,等. 某大跨度拱形空间钢结构体系选型分析与设计 [J]. 建筑结构, 2025, 55 (22): 82-88. DOI:10.19701/j.jzjg.LS230073."
"1187","aa","苏益声,许安邦,陈宗平.钢结构脆性破坏浅析[J].广西大学学报(自然科学版),2003(03):254-257"
"1188","aa","聂琪,王人鹏,罗永峰. 既有结构构件重要性评价及分类方法研究现状[C]//2018年全国建筑钢结构行业大会. 上海：中国建筑金属结构协会，上海市金属结构行业协会, 2018: 2-5."
"1189","aa","E. Orowan a Type of Plastic Deformation New in Metals[J]. Nature, 1942, 149(149):643-644."
"1190","aa","曹伟翔,谢昭山.沸腾钢焊接接头的缺口脆性[J].焊接,1960(02)."
"1191","aa","王元清. 钢结构在低温下脆性破坏研究概述 [J]. 钢结构, 1994, (04): 217-221."
"1192","aa","底素卫,郭全花,陈永强. 焊接钢结构的脆性断裂 [J]. 河北建筑工程学院学报, 2003, (02): 53-54."
"1193","aa","王元清,周晖,石永久,等. 钢结构厚板的低温断裂韧性试验 [J]. 沈阳工业大学学报, 2013, 35 (02): 224-229."
"1194","aa","周剑,朱丽莹,侯全胜,等. 装配式钢节点混合框架梁柱节点抗震性能试验研究 [J]. 建筑结构, 2025, 55 (24): 80-88. DOI:10.19701/j.jzjg.20230815."
"1195","aa","买彦硕. 含潜在脆性破坏构件的钢结构串联系统可靠性分析[D]. 东华理工大学, 2019."
"1196","aa","易林莉. 含潜在脆性破坏构件的并联钢结构系统可靠性分析及应用[D]. 东华理工大学, 2020. DOI:10.27145/d.cnki.ghddc.2020.000040."
"1197","aa","余柳明. 含裂纹损伤钢构件的拉伸试验及其呈现脆性性能的概率分析方法[D]. 东华理工大学, 2021. DOI:10.27145/d.cnki.ghddc.2021.000372."
"1198","aa","邹杨洋. 含不同角度裂纹损伤钢构件力学试验及脆性性能概率分析研究[D]. 东华理工大学, 2023. DOI:10.27145/d.cnki.ghddc.2023.000199."
"1199","aa","昌毅,邱森贵,吴仁彬,等. 含潜在脆性破坏钢构件的并联钢结构可靠性分析方法研究 [J]. 塑性工程学报, 2025, 32 (08): 260-267."
"1200","aa","Fussell J B. How to hand-calculate system relia-bility characteristics[J]. Reliability IEEE Trans-actions on, 1975, 24(3):169-174.."
"1201","aa","Anders, G.J. 1990. Probability Concepts in Electric Power Sys tems. New York: J. Wiley & Sons."
"1202","aa","Borgonovo E, Apostolakis G E. A new im-portance measure for risk-informed decision making[J]. Reliability Engineering & System Safety, 2001, 72(2):193-212."
"1203","aa","Vinod, G., Kushwaha, H.S., Verma, A.K., & Srividya, A. 2003. Importance measures in rank-ing piping components for risk informed in-service inspection. Reliability Engineering and System Safety Vol. 80: 107-113."
"1204","aa","叶列平,林旭川,曲哲,等. 基于广义结构刚度的构件重要性评价方法 [J]. 建筑科学与工程学报, 2010, 27 (01): 1-6+20. DOI:10.19815/j.jace.2010.01.001."
"1205","aa","董君. 层次分析法权重计算方法分析及其应用研究 [J]. 科技资讯, 2015, 13 (29): 218+220. DOI:10.16661/j.cnki.1672-3791.2015.29.218."
"1206","aa","孟哲,淳庆. 基于能量方法的江浙地区抬梁式及穿斗式传统民居木构件重要性分析 [J]. 文物保护与考古科学, 2018, 30 (03): 94-102. DOI:10.16334/j.cnki.cn31-1652/k.2018.03.011."
"1207","aa","姜岚,王茜雯,唐波. 基于多评价指标的输电铁塔构件重要性分类方法 [J]. 建筑结构, 2023, 53 (S2): 1222-1229. DOI:10.19701/j.jzjg.23S2644."
"1208","aa","花全均,淳庆,张承文,等. 基于荷载修正的传统木构建筑构件重要性分析方法研究 [J]. 文物保护与考古科学, 2024, 36 (02): 73-84. DOI:10.16334/j.cnki.cn31-1652/k.20230302858."
"1209","aa","FABER M H, ENGELUND S, RACKWITZ R. Aspects of parallel wire cable reliability[J]. Structural Safety, 2003, 25(2): 201-225."
"1210","aa","郑亚明,欧阳平,安琳. 锈蚀钢绞线力学性能的试验研究 [J]. 现代交通技术, 2005, (06): 33-36."
"1211","aa","罗渝,何江达,许有飞,等. 围岩变形模量对压力分散型锚索力学性能的影响研究 [J]. 红水河, 2006, (01): 66-69."
"1212","aa","郑静,曾辉辉,朱本珍. 腐蚀对锚索力学性能影响的试验研究 [J]. 岩石力学与工程学报, 2010, 29 (12): 2469-2474."
"1213","aa","曾严红，顾祥林，张伟平等. 锈蚀钢绞线力学性能研究[J].建筑材料学报.2010,13(2) 169-174."
"1214","aa","Jiang W. A concise finite element model for pure bending analysis of simple wire strand[J]. International Journal of Mechanical Sci-ences, 2012, 54(1): 69-73."
"1215","aa","乔燕,李爱群,缪长青,等. 索承式桥梁腐蚀吊索安全性能评估 [J]. 土木建筑与环境工程, 2015, 37 (04): 28-35"
"1216","aa","杨世聪,张劲泉,姚国文. 基于图像灰度分析的腐蚀钢绞线细观损伤行为 [J]. 固体力学学报, 2018, 39 (03): 305-315. DOI:10.19636/j.cnki.cjsm42-1250/o3.2018.006."
"1217","aa","顾硕. 随机荷载下桥梁拉吊索腐蚀钢丝疲劳寿命研究[D]. 大连理工大学, 2020. DOI:10.26991/d.cnki.gdllu.2020.001482."
"1218","aa","朱国超. 不同轴偏转角钢绞线吊索力学性能研究[D]. 广西：广西大学, 2022.002442."
"1219","aa","张召磊. 桥梁吊索高温后力学性能及剩余寿命评估研究[D]. 东南大学, 2022. DOI:10.27014/d.cnki.gdnau.2022.004887."
"1220","aa","谢清清,邓年春. 轴偏转角对吊索腐蚀钢丝力学性能影响研究 [J]. 华东交通大学学报, 2023, 40 (04): 103-111. DOI:10.16749/j.cnki.jecjtu.2023.04.002."
"1221","aa","孙冰,何洪,吴昌根等.全钢结构对比传统混凝土结构的优势[J].施工技术,2017,46(S2):445-449."
"1222","aa","黄丹,王卫永.装配式钢结构建筑体系研究及应用综述[J].建筑钢结构进展,2022,24(08):1-18."
"1223","aa","唐红元,陆跃文,杨利容等.钢结构基本原理[M].重庆:重庆大学出版社,2016."
"1224","aa","王元清.钢结构脆性破坏事故分析[J].工业建筑,1998(05):55-58."
"1225","aa","徐丽丽,陈建辉. 基于抗震概念设计的剪力墙高层住宅计算控制研究 [J]. 工程抗震与加固改造, 2023, 45 (02): 71-76+82. DOI:10.16226/j.issn.1002-8412.2023.02.010."
"1226","aa","磨恬静. 关于钢结构脆性破坏的认识与分析 [J]. 中国设备工程, 2023, (16): 84-86."
"1227","aa","昌毅,江元琪,邹杨洋,等. 含共线等长双裂纹损伤钢构件的力学试验及分析 [J]. 科学技术与工程, 2023, 23 (23): 10030-10038."
"1228","aa","Kalos M H．Monte Carlo Methods．New York： John Wiley and Sons，1986"
"1229","aa","全国钢标准化技术委员会(SAC/TC 183).钢丝绳通用技术条件:GB/T 20118-2017[S].中国标准出版社,2017."
"1230","aa","全国钢标准化技术委员会(SAC/TC 183).预应力混凝土用钢丝:GB/T 5223-2014[S].中国标准出版社,2014."
"1231","aa","于春蕾.单股钢丝绳力学性能高效数值模拟技术研究[D].燕山大学,2017."
"1232","aa","刘梦,孙健巍.建筑结构用高强度钢材力学性能研究[J].中国住宅设施,2023(05):133-135."
"1233","aa","张其林,满延磊,常治国,等.钢结构全过程设计系统的研发和应用[J].建筑结构,2024,54(24):123-129,122."
"1234","aa","昌毅,余柳明,江元琪,等. 含裂纹损伤钢构件塑性性能分析方法 [J]. 塑性工程学报, 2023, 30 (05): 157-165."
"1235","aa","郝成文,孙祥煜,孙倩,等. Q235钢板旋压成形断裂原因分析 [J]. 大连交通大学学报, 2008, (04): 64-67."
"1236","aa","王元清,林云,周晖,等.高强度钢材及其焊缝脆性断裂与疲劳性能的研究进展[J].建筑钢结构进展,2012,14(05):21-28."
"1237","aa","廖芳芳,王伟,李文超,等.钢结构节点断裂的研究现状[J].建筑科学与工程学报,2016,33(01):67-75."
"1238","aa","磨恬静. 关于钢结构脆性破坏的认识与分析 [J]. 中国设备工程, 2023, (16): 84-86."
"1239","aa","李宁,杨博,姜绍飞. 基于构件重要性系数的结构易损性分析[J]. 辽宁工程技术大学学报(自然科学版),2010,29(01):83-86."
"1240","aa","陈小庆,于沪平,申昱,等. 模糊层次分析法在决策半固态微挤压尺寸精度影响因素的重要程度中的应用 [J]. 塑性工程学报, 2015, 22 (04): 35-38."
"1241","aa","朱南海,李杰明,贺小玲,等. 基于易损性与冗余度分析的构件重要性评价方法 [J]. 计算力学学报, 2020, 37 (05): 608-615."
"1242","aa","林拥军,肖恬煦,张曾鹏,等. 基于层次分析法-隶属度理论的混凝土框架结构安全性模糊综合评价方法 [J]. 工业建筑, 2022, 52 (10): 28-38+45. DOI:10.13204/j.gyjzg22041612."
"1243","aa","昌毅, 马东杰, 李英豪, 等. 含不同角度等长双裂纹损伤钢构件的力学试验及剩余极限强度研究[J]. 塑性工程学报, 2025, 32 (4): 210-218."
"1244","aa","江元琪, 昌　毅, 邹杨洋, 等. 含裂纹损伤钢构件力学参数的有限元模拟及灵敏度分析[J]. 塑性工程学报, 2024, 31 (9): 215 -222."
"1245","aa","刘莹昕,刘飒,王威尧. 层次分析法的权重计算及其应用 [J]. 沈阳大学学报(自然科学版), 2014, 26 (05): 372-375."
"1246","aa","张明. 结构可靠度分析-方法与程序.[M]北京:科学出版社,2009."
"1247","aa","杨浩荣. 自锚式悬索桥吊索时变可靠度研究[D].大连：大连理工大学, 2023.001475."
"1248","aa","路韡,李子奇,刘世忠,等. 自锚式悬索桥吊索不接长体系转换方案及索鞍数值模拟 [J]. 工程科学与技术, 2023, 55 (01): 304-312. 202100466"
"1249","aa","唐贺强,肖海珠. 悬索桥销接式平行钢丝吊索设计研究与建议 [J]. 桥梁建设, 2025, 55 (03): 120-125. 1003-4722.2025.03.016."
"1250","aa","张波. 大跨悬索桥吊索可靠度及断裂分析[D]. 西南交通大学, 2017."
"1251","aa","侯泽鹏. 大跨铁路悬索桥吊索监测与耐久性评估研究[D]. 石家庄铁道大学, 2024.000359."
"1252","aa","罗小勇,李政. 无粘结预应力钢绞线锈蚀后力学性能研究 [J]. 铁道学报, 2008, (02): 108-112."
"1253","aa","冉崇阳. 悬索桥短吊索空间受力特性与腐蚀疲劳行为研究[D]. 重庆交通大学, 2025.000840."
"1254","aa","Daniels H E. The statistical theory of the strength of bundles of threads.[J]. Proceedings of the Royal Society of London. Series A. Mathematical and Physical Sciences, 1945, 183(995): 405 435."
"1255","aa","兰成明, 李惠, 鞠杨. 平行钢丝拉索承载力评定[J]. 土木工程学报, 2013, 46(05): 31-38."
"1256","aa","Matteo J, Deodatis G, Billington D P. Safety analysis of suspen-sion-bridge cables: Williamsburg bridge[J]. Journal of Structural Engineering, 1994, 120(11): 3197-3211."
"1257","aa","Weibull W. AStatistical theory ofthe Strength of materials[J]. Proc. Royal 4cademy Engrg Science, 1939, 15."
"1258","aa","中华人民共和国交通运输部. 斜拉桥用热挤聚乙烯高强钢丝拉索: GB/T 18365-2018[S]. 中国标准出版社, 2018."
"1259","aa","卢冲,骆治安,胡锦,等. 高强度密封钢丝绳在公路悬索桥吊索和斜拉索应用 [J]. 金属制品, 2025, 51 (06): 9-13."
"1260","aa","孙洪滨,冯利波,师丞鸿,等. 考虑吊索力影响的悬索桥销接式索夹抗滑性能研究 [J]. 长安大学学报(自然科学版), 2025, 45 (06): 135-142. DOI:10.19721/j.cnki.1671-8879.2025.06.011."
"1261","aa","蔡梦非,顾民杰,吴万忠,等.株洲清水塘大桥双层钢桁拱桥下部结构设计[J].城市道桥与防洪,2022,(09):91-94"
"1262","aa","曾贤斌. 株洲市清水塘大桥工程总体设计及主桥关键施工技术分析 [J]. 城市建设理论研究(电子版), 2025, (26): 125-127. DOI:10.19569/j.cnki.cn119313/tu.202526041."
